/*
 Navicat Premium Data Transfer

 Source Server         : root
 Source Server Type    : MySQL
 Source Server Version : 80017
 Source Host           : localhost:3306
 Source Schema         : garbageclassfication

 Target Server Type    : MySQL
 Target Server Version : 80017
 File Encoding         : 65001

 Date: 25/03/2020 13:48:44
*/

SET NAMES utf8mb4;
SET FOREIGN_KEY_CHECKS = 0;

-- ----------------------------
-- Table structure for admin
-- ----------------------------
DROP TABLE IF EXISTS `admin`;
CREATE TABLE `admin`  (
  `adminId` int(9) NOT NULL AUTO_INCREMENT COMMENT 'ID号',
  `adminName` varchar(20) CHARACTER SET utf8 COLLATE utf8_bin NULL DEFAULT NULL COMMENT '姓名',
  `sex` varchar(2) CHARACTER SET utf8 COLLATE utf8_bin NULL DEFAULT NULL COMMENT '性别',
  `tel` varchar(11) CHARACTER SET utf8 COLLATE utf8_bin NULL DEFAULT NULL COMMENT '电话号码',
  `email` varchar(20) CHARACTER SET utf8 COLLATE utf8_bin NULL DEFAULT NULL COMMENT '电子邮箱',
  `pwd` varchar(16) CHARACTER SET utf8 COLLATE utf8_bin NULL DEFAULT NULL COMMENT '密码',
  `cardId` varchar(18) CHARACTER SET utf8 COLLATE utf8_bin NULL DEFAULT NULL COMMENT '身份证号',
  `role` varchar(1) CHARACTER SET utf8 COLLATE utf8_bin NULL DEFAULT NULL COMMENT '角色(0管理员，1教师，2学生)',
  PRIMARY KEY (`adminId`) USING BTREE,
  INDEX `sex`(`sex`) USING BTREE
) ENGINE = InnoDB AUTO_INCREMENT = 9527 CHARACTER SET = utf8 COLLATE = utf8_bin COMMENT = '管理员信息表' ROW_FORMAT = Dynamic;

-- ----------------------------
-- Records of admin
-- ----------------------------
INSERT INTO `admin` VALUES (9527, '超级管理员', '男', '13658377857', '1253838283@qq.com', '123456', '3132', '0');

-- ----------------------------
-- Table structure for answer
-- ----------------------------
DROP TABLE IF EXISTS `answer`;
CREATE TABLE `answer`  (
  `examCode` int(9) NOT NULL AUTO_INCREMENT COMMENT '考试编号',
  `studentId` int(9) NULL DEFAULT NULL COMMENT '学号',
  `subject` varchar(20) CHARACTER SET utf8 COLLATE utf8_bin NULL DEFAULT NULL COMMENT '课程名称',
  `questionId` int(9) NULL DEFAULT NULL COMMENT '题目编号',
  `answer` varchar(255) CHARACTER SET utf8 COLLATE utf8_bin NULL DEFAULT NULL COMMENT '答案',
  PRIMARY KEY (`examCode`) USING BTREE
) ENGINE = InnoDB CHARACTER SET = utf8 COLLATE = utf8_bin COMMENT = '答案表' ROW_FORMAT = Dynamic;

-- ----------------------------
-- Table structure for exammanage
-- ----------------------------
DROP TABLE IF EXISTS `exammanage`;
CREATE TABLE `exammanage`  (
  `examCode` int(20) NOT NULL AUTO_INCREMENT COMMENT '考试编号',
  `description` varchar(50) CHARACTER SET utf8 COLLATE utf8_bin NULL DEFAULT NULL COMMENT '该次考试介绍',
  `source` varchar(20) CHARACTER SET utf8 COLLATE utf8_bin NULL DEFAULT NULL COMMENT '课程名称',
  `paperId` int(10) NULL DEFAULT NULL COMMENT '试卷编号',
  `examDate` date NULL DEFAULT NULL COMMENT '考试日期',
  `totalTime` int(3) NULL DEFAULT NULL COMMENT '持续时长',
  `grade` varchar(10) CHARACTER SET utf8 COLLATE utf8_bin NULL DEFAULT NULL COMMENT '年级',
  `term` varchar(10) CHARACTER SET utf8 COLLATE utf8_bin NULL DEFAULT NULL COMMENT '学期',
  `major` varchar(20) CHARACTER SET utf8 COLLATE utf8_bin NULL DEFAULT NULL COMMENT '专业',
  `institute` varchar(20) CHARACTER SET utf8 COLLATE utf8_bin NULL DEFAULT NULL COMMENT '学院',
  `totalScore` int(4) NULL DEFAULT NULL COMMENT '总分',
  `type` varchar(255) CHARACTER SET utf8 COLLATE utf8_bin NULL DEFAULT NULL COMMENT '试卷类型',
  `tips` varchar(255) CHARACTER SET utf8 COLLATE utf8_bin NULL DEFAULT NULL COMMENT '考生须知',
  PRIMARY KEY (`examCode`) USING BTREE
) ENGINE = InnoDB AUTO_INCREMENT = 20190013 CHARACTER SET = utf8 COLLATE = utf8_bin COMMENT = '考试管理表' ROW_FORMAT = Dynamic;

-- ----------------------------
-- Records of exammanage
-- ----------------------------
INSERT INTO `exammanage` VALUES (20190001, '2019年上期期末考试', '计算机网络', 1001, '2019-03-21', 120, '2018', '1', '计算机科学与技术', '软件工程学院', 100, '期末考试', '快乐千万条，学习第一条，平时不努力，考试两行泪。');
INSERT INTO `exammanage` VALUES (20190002, '2019年上期期末考试', '数据库理论', 1002, '2019-03-07', 90, '2018', '2', '网络工程', '软件工程学院', 100, '期末考试', '快乐千万条，学习第一条，平时不努力，考试两行泪。');
INSERT INTO `exammanage` VALUES (20190003, '2018年下期期末考试', '数据结构', 1003, '2019-02-27', 90, '2017', '1', '软件工程', '软件工程学院', 100, '期末考试', '快乐千万条，学习第一条，平时不努力，考试两行泪。');
INSERT INTO `exammanage` VALUES (20190005, '2018年上期期末考试', '计算机导论', 1004, '2019-03-14', 90, '2018', '1', '计算机科学与技术', '软件工程学院', 100, '期末考试', '快乐千万条，学习第一条，平时不努力，考试两行泪。');
INSERT INTO `exammanage` VALUES (20190006, '2017年上期期末考试', '软件工程', 1005, '2019-03-21', 120, '2018', '1', '计算机科学与技术', '软件工程学院', 100, '期末考试', '快乐千万条，学习第一条，平时不努力，考试两行泪。');
INSERT INTO `exammanage` VALUES (20190007, '2018年上期期末考试', '操作系统', 1006, '2019-03-13', 120, '2018', '2', '计算机科学与技术', '软件工程学院', 100, '期末考试', '快乐千万条，学习第一条，平时不努力，考试两行泪。');
INSERT INTO `exammanage` VALUES (20190008, '2018年下期期末考试', 'C语言', 1007, '2019-03-13', 120, '2018', '1', '信息工程', '软件工程学院', 100, '期末考试', '快乐千万条，学习第一条，平时不努力，考试两行泪。');
INSERT INTO `exammanage` VALUES (20190009, '2018年上期期末考试', '高等数学', 1008, '2019-03-07', 90, '2018', '1', '信息工程', '软件工程学院', 100, '期末考试', '快乐千万条，学习第一条，平时不努力，考试两行泪。');
INSERT INTO `exammanage` VALUES (20190013, '垃圾分类', '垃圾分类', 1002, '2020-03-03', 30, '垃圾分类', NULL, '垃圾分类', '垃圾分类', 100, '垃圾分类', '垃圾分类');

-- ----------------------------
-- Table structure for fillquestion
-- ----------------------------
DROP TABLE IF EXISTS `fillquestion`;
CREATE TABLE `fillquestion`  (
  `subject` varchar(20) CHARACTER SET utf8 COLLATE utf8_bin NULL DEFAULT NULL COMMENT '考试科目',
  `questionId` int(9) NOT NULL AUTO_INCREMENT COMMENT '试题编号',
  `question` varchar(255) CHARACTER SET utf8 COLLATE utf8_bin NULL DEFAULT NULL COMMENT '试题内容',
  `answer` varchar(255) CHARACTER SET utf8 COLLATE utf8_bin NULL DEFAULT NULL COMMENT '正确答案',
  `score` int(2) NULL DEFAULT NULL COMMENT '分数',
  `level` varchar(5) CHARACTER SET utf8 COLLATE utf8_bin NULL DEFAULT NULL COMMENT '难度等级',
  `section` varchar(20) CHARACTER SET utf8 COLLATE utf8_bin NULL DEFAULT NULL COMMENT '所属章节',
  `analysis` varchar(255) CHARACTER SET utf8 COLLATE utf8_bin NULL DEFAULT NULL COMMENT '答案解析',
  PRIMARY KEY (`questionId`) USING BTREE
) ENGINE = InnoDB AUTO_INCREMENT = 10031 CHARACTER SET = utf8 COLLATE = utf8_bin COMMENT = '填空题题库' ROW_FORMAT = Dynamic;

-- ----------------------------
-- Records of fillquestion
-- ----------------------------
INSERT INTO `fillquestion` VALUES ('计算机网络', 10000, '从计算机网络系统组成的角度看，计算机网络可以分为()和()', '通信子网资源子网', 4, '3', NULL, NULL);
INSERT INTO `fillquestion` VALUES ('计算机网络', 10001, '收发电子邮件，属于ISO/OSI RM中 ()层的功能。', '应用', 2, '1', NULL, NULL);
INSERT INTO `fillquestion` VALUES ('计算机网络', 10002, '在TCP/IP层次模型中与OSI参考模型第四层相对应的主要协议有()和(),其中后者提供无连接的不可靠传输服', 'TCP（传输控制协议） UDP（用户数据报协议） ', 4, '2', NULL, NULL);
INSERT INTO `fillquestion` VALUES ('计算机网络', 10003, '计算机网络中常用的三种有线媒体是 (),()和 ()', '同轴电缆.双绞线 光纤', 6, '1', NULL, NULL);
INSERT INTO `fillquestion` VALUES ('计算机网络', 10004, '国内最早的四大网络包括原邮电部的ChinaNet. 原电子部的ChinaGBN. 教育部的()和中科院的CSTnet', 'CERnet (或中国教育科研网)', 2, '4', NULL, NULL);
INSERT INTO `fillquestion` VALUES ('计算机网络', 10005, '复盖一个国家，地区或几个洲的计算机网络称为()，在同一建筑或复盖几公里内范围的网络称为()，而介于两者之间的是()', ' 广域网       局域网     城域网', 6, '1', NULL, NULL);
INSERT INTO `fillquestion` VALUES ('计算机网络', 10006, 'Outlook等常用电子邮件软件接收邮件使用的协议是（），发送邮件时使用的协议是（）', 'POP3    SMTP    ', 4, '1', NULL, NULL);
INSERT INTO `fillquestion` VALUES ('计算机网络', 10007, '通信系统中，称调制前的电信号为()信号，调制后的信号为调制信号', '基带', 2, '1', NULL, NULL);
INSERT INTO `fillquestion` VALUES ('计算机网络', 10008, '按照IPV4标准,IP地址205.3.127.13属于()类地址', 'C', 2, '1', NULL, NULL);
INSERT INTO `fillquestion` VALUES ('计算机网络', 10009, '计算机网络采用()技术，而传统电话网络则采用()技术', '分组交换电路交换', 4, '1', NULL, NULL);
INSERT INTO `fillquestion` VALUES ('计算机网络', 10010, '计算机内传输的信号是（），而公用电话系统的传输系统只能传输（）', '数字信号模拟信号', 4, '1', NULL, NULL);
INSERT INTO `fillquestion` VALUES ('计算机网络', 10011, '通信系统中，称调制前的电信号为（），调制后的信号叫（）。', '基带信号调制信号', 4, '1', NULL, NULL);
INSERT INTO `fillquestion` VALUES ('计算机网络', 10012, 'IP地址分（）和（）两个部分', '网络号主机号', 4, '1', NULL, NULL);
INSERT INTO `fillquestion` VALUES ('计算机网络', 10013, ' IP地址协议作网间网中（）层协议，提供无连接的数据报传输机制，IP数据报也分为（）和（）两个部分', '网络报头数据区', 6, '2', NULL, NULL);
INSERT INTO `fillquestion` VALUES ('计算机网络', 10014, '()是一个简单的远程终端协议。', 'TELNET', 2, '1', NULL, NULL);
INSERT INTO `fillquestion` VALUES ('计算机网络', 10015, '在同一个系统内，相邻层之间交换信息的连接点称之为()，而低层模块向高层提供功能性的支持称之为()。', '接口服务', 2, '1', NULL, NULL);
INSERT INTO `fillquestion` VALUES ('计算机网络', 10016, 'Internet广泛使用的电子邮件传送协议是（）', 'SMTP', 2, '1', NULL, NULL);
INSERT INTO `fillquestion` VALUES ('计算机网络', 10017, '按交换方式来分类，计算机网络可以分为电路交换网，  报文交换网  和()三种', '分组交换网', 2, '3', NULL, NULL);
INSERT INTO `fillquestion` VALUES ('计算机网络', 10018, 'Intranet分层结构包括网络、 () 、应用三个层次。', '服务', 2, '1', NULL, NULL);
INSERT INTO `fillquestion` VALUES ('计算机网络', 10019, 'WWW上的每一个网页都有一个独立的地址，这些地址称为  ()', '统一资源定位器/URL ', 2, '2', NULL, NULL);
INSERT INTO `fillquestion` VALUES ('计算机网络', 10020, '分组交换网中，附加信息用来在网络中进行路由选择、() 和流量控制', '差错纠正  ', 2, '4', NULL, NULL);
INSERT INTO `fillquestion` VALUES ('计算机网络', 10021, '根据IEEE802模型的标准将数据链路层划分为LLC子层和 ()子层。', ' MAC ', 2, '3', NULL, NULL);
INSERT INTO `fillquestion` VALUES ('计算机网络', 10022, '据交换的路由信息的不同，路由算法可以分为两大类：  ()  和链路状态算法', '距离向量算法', 2, '3', NULL, NULL);
INSERT INTO `fillquestion` VALUES ('计算机网络', 10023, '假定某信道受奈氏准则限制的最高码元速率为2000码元/秒。如果采用振幅调制，把码元的振幅划分为16个不同等级来传送，那么可以获得的数据率为 () b/s。', '80000 ', 2, '5', NULL, NULL);
INSERT INTO `fillquestion` VALUES ('计算机网络', 10024, '交换型以太网系统中的 ()  ，以其为核心联接站点或者网段，端口之间帧的输入和输出已不再受到CSMA/CD媒体访问控制协议的约束。', '以太网交换器 ', 2, '5', NULL, NULL);
INSERT INTO `fillquestion` VALUES ('计算机网络', 10025, '局域网络参考模型是以   ()   标准为基础的', 'IEEE802', 2, '5', NULL, NULL);
INSERT INTO `fillquestion` VALUES ('计算机网络', 10026, '路由器的核心是  （）  。', ' 路由表', 2, '3', NULL, NULL);
INSERT INTO `fillquestion` VALUES ('计算机网络', 10027, '若 HDLC 帧数据段中出现比特串“ 01011111110 ”，则比特填充后的输出为  （）', '10111110110', 2, '5', NULL, NULL);
INSERT INTO `fillquestion` VALUES ('计算机网络', 10028, '数字调制的三种基本形式：移幅键控法ASK、 （）  、移相键控法PSK', '移频键控法FSK', 2, '5', NULL, NULL);
INSERT INTO `fillquestion` VALUES ('垃圾分类', 10030, '侯杰红的年龄', '20', NULL, '2', '', '');
INSERT INTO `fillquestion` VALUES ('垃圾分类', 10031, '发发发', '啊啊啊', 2, '1', '', '啊啊啊啊啊');

-- ----------------------------
-- Table structure for hazardous_waste
-- ----------------------------
DROP TABLE IF EXISTS `hazardous_waste`;
CREATE TABLE `hazardous_waste`  (
  `id` int(11) NOT NULL AUTO_INCREMENT,
  `hazname` varchar(50) CHARACTER SET utf8 COLLATE utf8_general_ci NULL DEFAULT NULL,
  `sorted` int(3) NULL DEFAULT NULL,
  PRIMARY KEY (`id`) USING BTREE
) ENGINE = InnoDB CHARACTER SET = utf8 COLLATE = utf8_general_ci ROW_FORMAT = Dynamic;

-- ----------------------------
-- Records of hazardous_waste
-- ----------------------------
INSERT INTO `hazardous_waste` VALUES (1, '阿司匹林\n', 3);
INSERT INTO `hazardous_waste` VALUES (2, 'X光片\n', 3);
INSERT INTO `hazardous_waste` VALUES (3, '保健品\n', 3);
INSERT INTO `hazardous_waste` VALUES (4, '玻璃药瓶\n', 3);
INSERT INTO `hazardous_waste` VALUES (5, '充电电池\n', 3);
INSERT INTO `hazardous_waste` VALUES (6, '电灯泡\n', 3);
INSERT INTO `hazardous_waste` VALUES (7, '灯泡\n', 3);
INSERT INTO `hazardous_waste` VALUES (8, '节能灯\n', 3);
INSERT INTO `hazardous_waste` VALUES (9, '镍镉电池\n', 3);
INSERT INTO `hazardous_waste` VALUES (10, '药瓶\n', 3);
INSERT INTO `hazardous_waste` VALUES (11, '水银温度计\n', 3);
INSERT INTO `hazardous_waste` VALUES (12, '荧光灯管\n', 3);
INSERT INTO `hazardous_waste` VALUES (13, '油漆\n', 3);
INSERT INTO `hazardous_waste` VALUES (14, '感冒药\n', 3);
INSERT INTO `hazardous_waste` VALUES (15, '胶囊药物\n', 3);
INSERT INTO `hazardous_waste` VALUES (16, '指甲油\n', 3);
INSERT INTO `hazardous_waste` VALUES (17, '胶片\n', 3);
INSERT INTO `hazardous_waste` VALUES (18, '口服液瓶\n', 3);
INSERT INTO `hazardous_waste` VALUES (19, '咳嗽药水瓶\n', 3);
INSERT INTO `hazardous_waste` VALUES (20, '消毒液瓶\n', 3);
INSERT INTO `hazardous_waste` VALUES (21, '空药瓶\n', 3);
INSERT INTO `hazardous_waste` VALUES (22, '锂电池\n', 3);
INSERT INTO `hazardous_waste` VALUES (23, '卤素灯\n', 3);
INSERT INTO `hazardous_waste` VALUES (24, '老鼠药\n', 3);
INSERT INTO `hazardous_waste` VALUES (25, '录像带\n', 3);
INSERT INTO `hazardous_waste` VALUES (26, '纽扣电池\n', 3);
INSERT INTO `hazardous_waste` VALUES (27, '农药瓶\n', 3);
INSERT INTO `hazardous_waste` VALUES (28, '铅酸电池\n', 3);
INSERT INTO `hazardous_waste` VALUES (29, '染发剂壳\n', 3);
INSERT INTO `hazardous_waste` VALUES (30, '日光灯\n', 3);
INSERT INTO `hazardous_waste` VALUES (31, '杀虫剂\n', 3);
INSERT INTO `hazardous_waste` VALUES (32, '杀虫喷雾\n', 3);
INSERT INTO `hazardous_waste` VALUES (33, '手机电池\n', 3);
INSERT INTO `hazardous_waste` VALUES (34, '塑料药瓶\n', 3);
INSERT INTO `hazardous_waste` VALUES (35, '烫伤膏\n', 3);
INSERT INTO `hazardous_waste` VALUES (36, '蓄电池\n', 3);
INSERT INTO `hazardous_waste` VALUES (37, '相片底片\n', 3);
INSERT INTO `hazardous_waste` VALUES (38, '西药\n', 3);
INSERT INTO `hazardous_waste` VALUES (39, '荧光灯\n', 3);
INSERT INTO `hazardous_waste` VALUES (40, '氧化汞电池\n', 3);
INSERT INTO `hazardous_waste` VALUES (41, '药剂\n', 3);
INSERT INTO `hazardous_waste` VALUES (42, '油漆桶\n', 3);
INSERT INTO `hazardous_waste` VALUES (43, '药丸\n', 3);
INSERT INTO `hazardous_waste` VALUES (44, '眼药水\n', 3);
INSERT INTO `hazardous_waste` VALUES (45, '眼药水瓶\n', 3);
INSERT INTO `hazardous_waste` VALUES (46, '中成药\n', 3);
INSERT INTO `hazardous_waste` VALUES (47, '指甲油瓶子\n', 3);
INSERT INTO `hazardous_waste` VALUES (48, '蟑螂药\n', 3);
INSERT INTO `hazardous_waste` VALUES (49, '84消毒液瓶\n', 3);
INSERT INTO `hazardous_waste` VALUES (50, '烫发剂壳\n', 3);
INSERT INTO `hazardous_waste` VALUES (51, '白炽灯\n', 3);
INSERT INTO `hazardous_waste` VALUES (52, '节能灯插座\n', 3);
INSERT INTO `hazardous_waste` VALUES (53, '雅漾喷雾瓶\n', 3);
INSERT INTO `hazardous_waste` VALUES (54, '滴露消毒液瓶\n', 3);
INSERT INTO `hazardous_waste` VALUES (55, '铝喷雾瓶\n', 3);
INSERT INTO `hazardous_waste` VALUES (56, '钨丝灯泡\n', 3);
INSERT INTO `hazardous_waste` VALUES (57, '染发剂盒\n', 3);
INSERT INTO `hazardous_waste` VALUES (58, '干电池\n', 3);
INSERT INTO `hazardous_waste` VALUES (59, '废荧光灯管\n', 3);
INSERT INTO `hazardous_waste` VALUES (60, '废节能灯\n', 3);
INSERT INTO `hazardous_waste` VALUES (61, '废水银温度计\n', 3);
INSERT INTO `hazardous_waste` VALUES (62, '废水银血压计\n', 3);
INSERT INTO `hazardous_waste` VALUES (63, '过期药品\n', 3);
INSERT INTO `hazardous_waste` VALUES (64, '废油漆\n', 3);
INSERT INTO `hazardous_waste` VALUES (65, '节能灯（含水银）\n', 3);
INSERT INTO `hazardous_waste` VALUES (66, '过期的胶囊药物\n', 3);
INSERT INTO `hazardous_waste` VALUES (67, '过期药片\n', 3);
INSERT INTO `hazardous_waste` VALUES (68, '废镍镉电池\n', 3);
INSERT INTO `hazardous_waste` VALUES (69, '钮扣电池\n', 3);
INSERT INTO `hazardous_waste` VALUES (70, '照片\n', 3);
INSERT INTO `hazardous_waste` VALUES (71, '过期指甲油\n', 3);
INSERT INTO `hazardous_waste` VALUES (72, '药片内包装\n', 3);
INSERT INTO `hazardous_waste` VALUES (73, '5号电池\n', 3);
INSERT INTO `hazardous_waste` VALUES (74, '水银体温计\n', 3);
INSERT INTO `hazardous_waste` VALUES (75, '感光胶片\n', 3);
INSERT INTO `hazardous_waste` VALUES (76, '过期感冒药\n', 3);
INSERT INTO `hazardous_waste` VALUES (77, '1号电池\n', 3);
INSERT INTO `hazardous_waste` VALUES (78, '胶囊\n', 3);
INSERT INTO `hazardous_waste` VALUES (79, '空调清洗消毒液瓶\n', 3);
INSERT INTO `hazardous_waste` VALUES (80, '维生素\n', 3);
INSERT INTO `hazardous_waste` VALUES (81, '口服液瓶盖\n', 3);
INSERT INTO `hazardous_waste` VALUES (82, '除草剂\n', 3);
INSERT INTO `hazardous_waste` VALUES (83, '口服液吸管\n', 3);
INSERT INTO `hazardous_waste` VALUES (84, '感冒药包装\n', 3);
INSERT INTO `hazardous_waste` VALUES (85, '杀虫喷雾剂\n', 3);
INSERT INTO `hazardous_waste` VALUES (86, '水银血压计\n', 3);
INSERT INTO `hazardous_waste` VALUES (87, '用过的染发剂\n', 3);
INSERT INTO `hazardous_waste` VALUES (88, '乳胶漆\n', 3);
INSERT INTO `hazardous_waste` VALUES (89, '静心口服液\n', 3);
INSERT INTO `hazardous_waste` VALUES (90, '过期的指甲油\n', 3);
INSERT INTO `hazardous_waste` VALUES (91, '过期的口服液\n', 3);
INSERT INTO `hazardous_waste` VALUES (92, '过期的感冒药\n', 3);
INSERT INTO `hazardous_waste` VALUES (93, '感冒药的包装\n', 3);
INSERT INTO `hazardous_waste` VALUES (94, '废有机磷杀虫剂\n', 3);
INSERT INTO `hazardous_waste` VALUES (95, '废弃的相片底片\n', 3);
INSERT INTO `hazardous_waste` VALUES (96, '废弃的锂电池\n', 3);
INSERT INTO `hazardous_waste` VALUES (97, '阿司匹林\n', 3);
INSERT INTO `hazardous_waste` VALUES (98, '毒鼠强\n', 3);
INSERT INTO `hazardous_waste` VALUES (99, '氨基甲酸酯类杀虫剂\n', 3);
INSERT INTO `hazardous_waste` VALUES (100, '废药品\n', 3);
INSERT INTO `hazardous_waste` VALUES (101, '日光灯管\n', 3);
INSERT INTO `hazardous_waste` VALUES (102, '废灯管\n', 3);
INSERT INTO `hazardous_waste` VALUES (103, '废电池\n', 3);
INSERT INTO `hazardous_waste` VALUES (104, '过期药物\n', 3);
INSERT INTO `hazardous_waste` VALUES (105, '药片\n', 3);
INSERT INTO `hazardous_waste` VALUES (106, '废油漆桶\n', 3);
INSERT INTO `hazardous_waste` VALUES (107, '废含汞温度计\n', 3);
INSERT INTO `hazardous_waste` VALUES (108, '废杀虫剂\n', 3);
INSERT INTO `hazardous_waste` VALUES (109, '药物胶囊\n', 3);
INSERT INTO `hazardous_waste` VALUES (110, '废胶片\n', 3);
INSERT INTO `hazardous_waste` VALUES (111, '杀虫喷雾罐\n', 3);
INSERT INTO `hazardous_waste` VALUES (112, '废含汞血压计\n', 3);
INSERT INTO `hazardous_waste` VALUES (113, '废相纸\n', 3);
INSERT INTO `hazardous_waste` VALUES (114, '口服液瓶子\n', 3);
INSERT INTO `hazardous_waste` VALUES (115, '温度计\n', 3);
INSERT INTO `hazardous_waste` VALUES (116, '玻璃灯管\n', 3);
INSERT INTO `hazardous_waste` VALUES (117, '废手机充电电池\n', 3);
INSERT INTO `hazardous_waste` VALUES (118, '手机充电电池\n', 3);
INSERT INTO `hazardous_waste` VALUES (119, '废药\n', 3);
INSERT INTO `hazardous_waste` VALUES (120, '药品\n', 3);
INSERT INTO `hazardous_waste` VALUES (121, '电池\n', 3);
INSERT INTO `hazardous_waste` VALUES (122, '灯管\n', 3);
INSERT INTO `hazardous_waste` VALUES (123, '废旧荧光灯管\n', 3);
INSERT INTO `hazardous_waste` VALUES (124, '含汞荧光灯管\n', 3);
INSERT INTO `hazardous_waste` VALUES (125, '废日光灯管\n', 3);
INSERT INTO `hazardous_waste` VALUES (126, '废直式日光灯管\n', 3);
INSERT INTO `hazardous_waste` VALUES (127, '卤素灯泡\n', 3);
INSERT INTO `hazardous_waste` VALUES (128, '过期药\n', 3);
INSERT INTO `hazardous_waste` VALUES (129, '农药片\n', 3);
INSERT INTO `hazardous_waste` VALUES (130, '药片盒\n', 3);
INSERT INTO `hazardous_waste` VALUES (131, '胶囊药片\n', 3);
INSERT INTO `hazardous_waste` VALUES (132, '消毒药片\n', 3);
INSERT INTO `hazardous_waste` VALUES (133, '胶囊药片底板\n', 3);
INSERT INTO `hazardous_waste` VALUES (134, '漆桶\n', 3);
INSERT INTO `hazardous_waste` VALUES (135, '甲油\n', 3);
INSERT INTO `hazardous_waste` VALUES (136, '含汞温度计\n', 3);
INSERT INTO `hazardous_waste` VALUES (137, '水银\n', 3);
INSERT INTO `hazardous_waste` VALUES (138, '体温计\n', 3);
INSERT INTO `hazardous_waste` VALUES (139, '废杀虫剂罐\n', 3);
INSERT INTO `hazardous_waste` VALUES (140, '相纸\n', 3);
INSERT INTO `hazardous_waste` VALUES (141, '含汞血压计\n', 3);
INSERT INTO `hazardous_waste` VALUES (142, '除草剂罐\n', 3);
INSERT INTO `hazardous_waste` VALUES (143, '各类过期药品\n', 3);
INSERT INTO `hazardous_waste` VALUES (144, '家庭的过期药品\n', 3);
INSERT INTO `hazardous_waste` VALUES (145, '过期胶囊药物\n', 3);
INSERT INTO `hazardous_waste` VALUES (146, '玻璃小药瓶\n', 3);
INSERT INTO `hazardous_waste` VALUES (147, '废药瓶\n', 3);
INSERT INTO `hazardous_waste` VALUES (148, '喝完的药瓶\n', 3);
INSERT INTO `hazardous_waste` VALUES (149, '没有药的空药瓶\n', 3);
INSERT INTO `hazardous_waste` VALUES (150, '液体药瓶\n', 3);
INSERT INTO `hazardous_waste` VALUES (151, '杀虫剂罐\n', 3);
INSERT INTO `hazardous_waste` VALUES (152, '废温度计\n', 3);
INSERT INTO `hazardous_waste` VALUES (153, '杀虫剂罐子\n', 3);
INSERT INTO `hazardous_waste` VALUES (154, '杀虫剂空瓶\n', 3);
INSERT INTO `hazardous_waste` VALUES (155, '杀虫剂瓶\n', 3);
INSERT INTO `hazardous_waste` VALUES (156, '杀虫剂瓶罐\n', 3);
INSERT INTO `hazardous_waste` VALUES (157, '杀虫剂桶\n', 3);
INSERT INTO `hazardous_waste` VALUES (158, '空油漆桶\n', 3);
INSERT INTO `hazardous_waste` VALUES (159, '过期的油漆\n', 3);
INSERT INTO `hazardous_waste` VALUES (160, '油漆罐\n', 3);
INSERT INTO `hazardous_waste` VALUES (161, '油漆稀释剂\n', 3);
INSERT INTO `hazardous_waste` VALUES (162, '甲油瓶\n', 3);
INSERT INTO `hazardous_waste` VALUES (163, '高铁酸钾\n', 3);
INSERT INTO `hazardous_waste` VALUES (164, '化学试剂包装玻璃瓶\n', 3);
INSERT INTO `hazardous_waste` VALUES (165, '废弃药品\n', 3);
INSERT INTO `hazardous_waste` VALUES (166, '过期的药品\n', 3);
INSERT INTO `hazardous_waste` VALUES (167, '药品壳子\n', 3);
INSERT INTO `hazardous_waste` VALUES (168, '药品铝塑板\n', 3);
INSERT INTO `hazardous_waste` VALUES (169, '笔记本电池\n', 3);
INSERT INTO `hazardous_waste` VALUES (170, '电池板\n', 3);
INSERT INTO `hazardous_waste` VALUES (171, '灯管灯泡\n', 3);
INSERT INTO `hazardous_waste` VALUES (172, '废节能灯管\n', 3);
INSERT INTO `hazardous_waste` VALUES (173, '废旧灯管\n', 3);
INSERT INTO `hazardous_waste` VALUES (174, '废旧荧光灯\n', 3);
INSERT INTO `hazardous_waste` VALUES (175, '荧光灯光\n', 3);
INSERT INTO `hazardous_waste` VALUES (176, '废旧日光灯\n', 3);
INSERT INTO `hazardous_waste` VALUES (177, '过期药水\n', 3);
INSERT INTO `hazardous_waste` VALUES (178, '指甲油瓶\n', 3);
INSERT INTO `hazardous_waste` VALUES (179, 'x光胶片\n', 3);
INSERT INTO `hazardous_waste` VALUES (180, '杀虫喷雾瓶\n', 3);
INSERT INTO `hazardous_waste` VALUES (181, '含汞体温计\n', 3);
INSERT INTO `hazardous_waste` VALUES (182, '彩色相纸\n', 3);
INSERT INTO `hazardous_waste` VALUES (183, '电影胶片\n', 3);
INSERT INTO `hazardous_waste` VALUES (184, '打印过的胶片\n', 3);
INSERT INTO `hazardous_waste` VALUES (185, '照相纸\n', 3);
INSERT INTO `hazardous_waste` VALUES (186, '彩色相片纸\n', 3);
INSERT INTO `hazardous_waste` VALUES (187, '打印过的彩色相片纸\n', 3);
INSERT INTO `hazardous_waste` VALUES (188, '彩色相片\n', 3);
INSERT INTO `hazardous_waste` VALUES (189, '废旧相片\n', 3);
INSERT INTO `hazardous_waste` VALUES (190, '相片纸\n', 3);
INSERT INTO `hazardous_waste` VALUES (191, '过期的药\n', 3);
INSERT INTO `hazardous_waste` VALUES (192, '节能灯管\n', 3);
INSERT INTO `hazardous_waste` VALUES (193, '废旧灯\n', 3);
INSERT INTO `hazardous_waste` VALUES (194, '旧灯管\n', 3);
INSERT INTO `hazardous_waste` VALUES (195, '废灯泡\n', 3);
INSERT INTO `hazardous_waste` VALUES (196, '旧灯泡\n', 3);
INSERT INTO `hazardous_waste` VALUES (197, '废旧灯泡\n', 3);
INSERT INTO `hazardous_waste` VALUES (198, '节能灯泡\n', 3);
INSERT INTO `hazardous_waste` VALUES (199, '浴霸灯泡\n', 3);
INSERT INTO `hazardous_waste` VALUES (200, '废弃节能灯\n', 3);
INSERT INTO `hazardous_waste` VALUES (201, '吸顶灯\n', 3);
INSERT INTO `hazardous_waste` VALUES (202, 'led灯\n', 3);
INSERT INTO `hazardous_waste` VALUES (203, '录像带 \n', 3);
INSERT INTO `hazardous_waste` VALUES (204, '杀菌剂\n', 3);
INSERT INTO `hazardous_waste` VALUES (205, '涂料\n', 3);
INSERT INTO `hazardous_waste` VALUES (206, 'LED灯泡\n', 3);
INSERT INTO `hazardous_waste` VALUES (207, '过期保健品\n', 3);
INSERT INTO `hazardous_waste` VALUES (208, '空涂料桶\n', 3);
INSERT INTO `hazardous_waste` VALUES (209, '水性涂料桶\n', 3);
INSERT INTO `hazardous_waste` VALUES (210, '盐酸伐昔洛韦片\n', 3);
INSERT INTO `hazardous_waste` VALUES (211, '废弃荧光灯\n', 3);
INSERT INTO `hazardous_waste` VALUES (212, '咳嗽糖浆\n', 3);
INSERT INTO `hazardous_waste` VALUES (213, '药品内包装\n', 3);
INSERT INTO `hazardous_waste` VALUES (214, '镉镍电池\n', 3);
INSERT INTO `hazardous_waste` VALUES (215, '废手机电池\n', 3);
INSERT INTO `hazardous_waste` VALUES (216, '药品包装瓶\n', 3);
INSERT INTO `hazardous_waste` VALUES (217, '废旧电池\n', 3);

-- ----------------------------
-- Table structure for householdfood_waste
-- ----------------------------
DROP TABLE IF EXISTS `householdfood_waste`;
CREATE TABLE `householdfood_waste`  (
  `id` int(11) NOT NULL AUTO_INCREMENT,
  `houname` varchar(50) CHARACTER SET utf8 COLLATE utf8_general_ci NULL DEFAULT NULL,
  `sorted` int(3) NULL DEFAULT NULL,
  PRIMARY KEY (`id`) USING BTREE
) ENGINE = InnoDB CHARACTER SET = utf8 COLLATE = utf8_general_ci ROW_FORMAT = Dynamic;

-- ----------------------------
-- Records of householdfood_waste
-- ----------------------------
INSERT INTO `householdfood_waste` VALUES (1, '艾草\n', 5);
INSERT INTO `householdfood_waste` VALUES (2, '棒棒糖\n', 5);
INSERT INTO `householdfood_waste` VALUES (3, '八宝粥\n', 5);
INSERT INTO `householdfood_waste` VALUES (4, '白茶\n', 5);
INSERT INTO `householdfood_waste` VALUES (5, '扁豆\n', 5);
INSERT INTO `householdfood_waste` VALUES (6, '布丁\n', 5);
INSERT INTO `householdfood_waste` VALUES (7, '巴旦木\n', 5);
INSERT INTO `householdfood_waste` VALUES (8, '饼干\n', 5);
INSERT INTO `householdfood_waste` VALUES (9, '白瓜子\n', 5);
INSERT INTO `householdfood_waste` VALUES (10, '薄荷叶\n', 5);
INSERT INTO `householdfood_waste` VALUES (11, '八角\n', 5);
INSERT INTO `householdfood_waste` VALUES (12, '菠萝\n', 5);
INSERT INTO `householdfood_waste` VALUES (13, '板栗壳\n', 5);
INSERT INTO `householdfood_waste` VALUES (14, '槟榔\n', 5);
INSERT INTO `householdfood_waste` VALUES (15, '菠萝皮\n', 5);
INSERT INTO `householdfood_waste` VALUES (16, '爆米花\n', 5);
INSERT INTO `householdfood_waste` VALUES (17, '白米虾\n', 5);
INSERT INTO `householdfood_waste` VALUES (18, '冰淇淋\n', 5);
INSERT INTO `householdfood_waste` VALUES (19, '蚌肉\n', 5);
INSERT INTO `householdfood_waste` VALUES (20, '白砂糖\n', 5);
INSERT INTO `householdfood_waste` VALUES (21, '包子\n', 5);
INSERT INTO `householdfood_waste` VALUES (22, '白煮蛋\n', 5);
INSERT INTO `householdfood_waste` VALUES (23, '葱\n', 5);
INSERT INTO `householdfood_waste` VALUES (24, '蚕豆壳\n', 5);
INSERT INTO `householdfood_waste` VALUES (25, '臭豆腐\n', 5);
INSERT INTO `householdfood_waste` VALUES (26, '炒花生壳\n', 5);
INSERT INTO `householdfood_waste` VALUES (27, '炒花生米\n', 5);
INSERT INTO `householdfood_waste` VALUES (28, '车厘子核\n', 5);
INSERT INTO `householdfood_waste` VALUES (29, '陈皮\n', 5);
INSERT INTO `householdfood_waste` VALUES (30, '面条\n', 5);
INSERT INTO `householdfood_waste` VALUES (31, '叉烧酥\n', 5);
INSERT INTO `householdfood_waste` VALUES (32, '茶叶\n', 5);
INSERT INTO `householdfood_waste` VALUES (33, '茶叶蛋壳\n', 5);
INSERT INTO `householdfood_waste` VALUES (34, '虫\n', 5);
INSERT INTO `householdfood_waste` VALUES (35, '虫子\n', 5);
INSERT INTO `householdfood_waste` VALUES (36, '橙子皮\n', 5);
INSERT INTO `householdfood_waste` VALUES (37, '草莓\n', 5);
INSERT INTO `householdfood_waste` VALUES (38, '草莓叶\n', 5);
INSERT INTO `householdfood_waste` VALUES (39, '橙皮\n', 5);
INSERT INTO `householdfood_waste` VALUES (40, '菜皮\n', 5);
INSERT INTO `householdfood_waste` VALUES (41, '宠物饲料\n', 5);
INSERT INTO `householdfood_waste` VALUES (42, '苍蝇\n', 5);
INSERT INTO `householdfood_waste` VALUES (43, '葱油饼\n', 5);
INSERT INTO `householdfood_waste` VALUES (44, '茶叶渣\n', 5);
INSERT INTO `householdfood_waste` VALUES (45, '茶渣\n', 5);
INSERT INTO `householdfood_waste` VALUES (46, '残枝落叶\n', 5);
INSERT INTO `householdfood_waste` VALUES (47, '大饼\n', 5);
INSERT INTO `householdfood_waste` VALUES (48, '大白菜\n', 5);
INSERT INTO `householdfood_waste` VALUES (49, '大葱\n', 5);
INSERT INTO `householdfood_waste` VALUES (50, '豆腐\n', 5);
INSERT INTO `householdfood_waste` VALUES (51, '豆腐干\n', 5);
INSERT INTO `householdfood_waste` VALUES (52, '豆干\n', 5);
INSERT INTO `householdfood_waste` VALUES (53, '蛋糕\n', 5);
INSERT INTO `householdfood_waste` VALUES (54, '冬瓜\n', 5);
INSERT INTO `householdfood_waste` VALUES (55, '冬瓜皮\n', 5);
INSERT INTO `householdfood_waste` VALUES (56, '蛋黄\n', 5);
INSERT INTO `householdfood_waste` VALUES (57, '蛋黄酥\n', 5);
INSERT INTO `householdfood_waste` VALUES (58, '蛋卷\n', 5);
INSERT INTO `householdfood_waste` VALUES (59, '蛋壳\n', 5);
INSERT INTO `householdfood_waste` VALUES (60, '大米\n', 5);
INSERT INTO `householdfood_waste` VALUES (61, '大排\n', 5);
INSERT INTO `householdfood_waste` VALUES (62, '多肉植物\n', 5);
INSERT INTO `householdfood_waste` VALUES (63, '冬笋壳\n', 5);
INSERT INTO `householdfood_waste` VALUES (64, '蛋挞\n', 5);
INSERT INTO `householdfood_waste` VALUES (65, '蛋挞皮\n', 5);
INSERT INTO `householdfood_waste` VALUES (66, '动物内脏\n', 5);
INSERT INTO `householdfood_waste` VALUES (67, '鲜花\n', 5);
INSERT INTO `householdfood_waste` VALUES (68, '豆芽\n', 5);
INSERT INTO `householdfood_waste` VALUES (69, '枣\n', 5);
INSERT INTO `householdfood_waste` VALUES (70, '大闸蟹\n', 5);
INSERT INTO `householdfood_waste` VALUES (71, '大闸蟹壳\n', 5);
INSERT INTO `householdfood_waste` VALUES (72, '鹅骨头\n', 5);
INSERT INTO `householdfood_waste` VALUES (73, '阿胶\n', 5);
INSERT INTO `householdfood_waste` VALUES (74, '凤梨酥\n', 5);
INSERT INTO `householdfood_waste` VALUES (75, '蜂蜜\n', 5);
INSERT INTO `householdfood_waste` VALUES (76, '番茄\n', 5);
INSERT INTO `householdfood_waste` VALUES (77, '番茄酱\n', 5);
INSERT INTO `householdfood_waste` VALUES (78, '废弃调味料\n', 5);
INSERT INTO `householdfood_waste` VALUES (79, '废弃植物\n', 5);
INSERT INTO `householdfood_waste` VALUES (80, '粉丝\n', 5);
INSERT INTO `householdfood_waste` VALUES (81, '番茄皮\n', 5);
INSERT INTO `householdfood_waste` VALUES (82, '瓜子\n', 5);
INSERT INTO `householdfood_waste` VALUES (83, '锅巴\n', 5);
INSERT INTO `householdfood_waste` VALUES (84, '果冻\n', 5);
INSERT INTO `householdfood_waste` VALUES (85, '瓜果\n', 5);
INSERT INTO `householdfood_waste` VALUES (86, '干桂圆壳\n', 5);
INSERT INTO `householdfood_waste` VALUES (87, '桂花糕\n', 5);
INSERT INTO `householdfood_waste` VALUES (88, '干花生壳\n', 5);
INSERT INTO `householdfood_waste` VALUES (89, '果酱\n', 5);
INSERT INTO `householdfood_waste` VALUES (90, '狗粮\n', 5);
INSERT INTO `householdfood_waste` VALUES (91, '干辣椒\n', 5);
INSERT INTO `householdfood_waste` VALUES (92, '果皮\n', 5);
INSERT INTO `householdfood_waste` VALUES (93, '枸杞\n', 5);
INSERT INTO `householdfood_waste` VALUES (94, '过期大米\n', 5);
INSERT INTO `householdfood_waste` VALUES (95, '过期巧克力\n', 5);
INSERT INTO `householdfood_waste` VALUES (96, '过期食品\n', 5);
INSERT INTO `householdfood_waste` VALUES (97, '过期调味料\n', 5);
INSERT INTO `householdfood_waste` VALUES (98, '干树叶\n', 5);
INSERT INTO `householdfood_waste` VALUES (99, '桂圆干\n', 5);
INSERT INTO `householdfood_waste` VALUES (100, '桂圆核\n', 5);
INSERT INTO `householdfood_waste` VALUES (101, '桂圆壳\n', 5);
INSERT INTO `householdfood_waste` VALUES (102, '瓜子壳\n', 5);
INSERT INTO `householdfood_waste` VALUES (103, '瓜子皮\n', 5);
INSERT INTO `householdfood_waste` VALUES (104, '瓜子仁\n', 5);
INSERT INTO `householdfood_waste` VALUES (105, '甘蔗渣\n', 5);
INSERT INTO `householdfood_waste` VALUES (106, '花瓣\n', 5);
INSERT INTO `householdfood_waste` VALUES (107, '汉堡\n', 5);
INSERT INTO `householdfood_waste` VALUES (108, '红肠\n', 5);
INSERT INTO `householdfood_waste` VALUES (109, '黄豆\n', 5);
INSERT INTO `householdfood_waste` VALUES (110, '海胆\n', 5);
INSERT INTO `householdfood_waste` VALUES (111, '海带\n', 5);
INSERT INTO `householdfood_waste` VALUES (112, '红豆\n', 5);
INSERT INTO `householdfood_waste` VALUES (113, '红豆糕\n', 5);
INSERT INTO `householdfood_waste` VALUES (114, '黄瓜\n', 5);
INSERT INTO `householdfood_waste` VALUES (115, '火锅底料\n', 5);
INSERT INTO `householdfood_waste` VALUES (116, '黄瓜皮\n', 5);
INSERT INTO `householdfood_waste` VALUES (117, '花蛤肉\n', 5);
INSERT INTO `householdfood_waste` VALUES (118, '海瓜子壳\n', 5);
INSERT INTO `householdfood_waste` VALUES (119, '花卉\n', 5);
INSERT INTO `householdfood_waste` VALUES (120, '花甲\n', 5);
INSERT INTO `householdfood_waste` VALUES (121, '花椒\n', 5);
INSERT INTO `householdfood_waste` VALUES (122, '胡椒粉\n', 5);
INSERT INTO `householdfood_waste` VALUES (123, '花椒粉\n', 5);
INSERT INTO `householdfood_waste` VALUES (124, '花甲壳\n', 5);
INSERT INTO `householdfood_waste` VALUES (125, '胡萝卜\n', 5);
INSERT INTO `householdfood_waste` VALUES (126, '胡萝卜皮\n', 5);
INSERT INTO `householdfood_waste` VALUES (127, '火龙果\n', 5);
INSERT INTO `householdfood_waste` VALUES (128, '火龙果皮\n', 5);
INSERT INTO `householdfood_waste` VALUES (129, '话梅\n', 5);
INSERT INTO `householdfood_waste` VALUES (130, '哈密瓜\n', 5);
INSERT INTO `householdfood_waste` VALUES (131, '哈密瓜籽\n', 5);
INSERT INTO `householdfood_waste` VALUES (132, '黄芪\n', 5);
INSERT INTO `householdfood_waste` VALUES (133, '花生\n', 5);
INSERT INTO `householdfood_waste` VALUES (134, '红薯\n', 5);
INSERT INTO `householdfood_waste` VALUES (135, '花生酱\n', 5);
INSERT INTO `householdfood_waste` VALUES (136, '红薯皮\n', 5);
INSERT INTO `householdfood_waste` VALUES (137, '花生衣\n', 5);
INSERT INTO `householdfood_waste` VALUES (138, '山芋皮\n', 5);
INSERT INTO `householdfood_waste` VALUES (139, '花生壳\n', 5);
INSERT INTO `householdfood_waste` VALUES (140, '海苔\n', 5);
INSERT INTO `householdfood_waste` VALUES (141, '火腿肠\n', 5);
INSERT INTO `householdfood_waste` VALUES (142, '茴香\n', 5);
INSERT INTO `householdfood_waste` VALUES (143, '河虾\n', 5);
INSERT INTO `householdfood_waste` VALUES (144, '黄油\n', 5);
INSERT INTO `householdfood_waste` VALUES (145, '荷叶\n', 5);
INSERT INTO `householdfood_waste` VALUES (146, '红枣\n', 5);
INSERT INTO `householdfood_waste` VALUES (147, '红枣核\n', 5);
INSERT INTO `householdfood_waste` VALUES (148, '姜\n', 5);
INSERT INTO `householdfood_waste` VALUES (149, '茭白\n', 5);
INSERT INTO `householdfood_waste` VALUES (150, '茭白皮\n', 5);
INSERT INTO `householdfood_waste` VALUES (151, '韭菜\n', 5);
INSERT INTO `householdfood_waste` VALUES (152, '鸡翅\n', 5);
INSERT INTO `householdfood_waste` VALUES (153, '鸡蛋\n', 5);
INSERT INTO `householdfood_waste` VALUES (154, '鸡蛋卷\n', 5);
INSERT INTO `householdfood_waste` VALUES (155, '鸡蛋壳\n', 5);
INSERT INTO `householdfood_waste` VALUES (156, '菌菇\n', 5);
INSERT INTO `householdfood_waste` VALUES (157, '酱料\n', 5);
INSERT INTO `householdfood_waste` VALUES (158, '酒酿\n', 5);
INSERT INTO `householdfood_waste` VALUES (159, '鸡皮\n', 5);
INSERT INTO `householdfood_waste` VALUES (160, '鸡腿\n', 5);
INSERT INTO `householdfood_waste` VALUES (161, '鸡头\n', 5);
INSERT INTO `householdfood_waste` VALUES (162, '基围虾\n', 5);
INSERT INTO `householdfood_waste` VALUES (163, '甲鱼\n', 5);
INSERT INTO `householdfood_waste` VALUES (164, '橘子\n', 5);
INSERT INTO `householdfood_waste` VALUES (165, '金针菇\n', 5);
INSERT INTO `householdfood_waste` VALUES (166, '桔子皮\n', 5);
INSERT INTO `householdfood_waste` VALUES (167, '橘子皮\n', 5);
INSERT INTO `householdfood_waste` VALUES (168, '咖啡豆\n', 5);
INSERT INTO `householdfood_waste` VALUES (169, '咖啡豆渣\n', 5);
INSERT INTO `householdfood_waste` VALUES (170, '咖啡粉\n', 5);
INSERT INTO `householdfood_waste` VALUES (171, '咖啡渣\n', 5);
INSERT INTO `householdfood_waste` VALUES (172, '苦瓜\n', 5);
INSERT INTO `householdfood_waste` VALUES (173, '葵花籽\n', 5);
INSERT INTO `householdfood_waste` VALUES (174, '葵花籽壳\n', 5);
INSERT INTO `householdfood_waste` VALUES (175, '枯树叶\n', 5);
INSERT INTO `householdfood_waste` VALUES (176, '枯枝\n', 5);
INSERT INTO `householdfood_waste` VALUES (177, '梨\n', 5);
INSERT INTO `householdfood_waste` VALUES (178, '萝卜干\n', 5);
INSERT INTO `householdfood_waste` VALUES (179, '绿豆\n', 5);
INSERT INTO `householdfood_waste` VALUES (180, '绿豆糕\n', 5);
INSERT INTO `householdfood_waste` VALUES (181, '辣椒\n', 5);
INSERT INTO `householdfood_waste` VALUES (182, '绿萝\n', 5);
INSERT INTO `householdfood_waste` VALUES (183, '榴莲酥\n', 5);
INSERT INTO `householdfood_waste` VALUES (184, '藜麦\n', 5);
INSERT INTO `householdfood_waste` VALUES (185, '螺蛳\n', 5);
INSERT INTO `householdfood_waste` VALUES (186, '螺蛳粉\n', 5);
INSERT INTO `householdfood_waste` VALUES (187, '烂水果\n', 5);
INSERT INTO `householdfood_waste` VALUES (188, '螺蛳肉\n', 5);
INSERT INTO `householdfood_waste` VALUES (189, '乐事薯片\n', 5);
INSERT INTO `householdfood_waste` VALUES (190, '螺蛳壳\n', 5);
INSERT INTO `householdfood_waste` VALUES (191, '辣条\n', 5);
INSERT INTO `householdfood_waste` VALUES (192, '龙虾片\n', 5);
INSERT INTO `householdfood_waste` VALUES (193, '栗子\n', 5);
INSERT INTO `householdfood_waste` VALUES (194, '荔枝核\n', 5);
INSERT INTO `householdfood_waste` VALUES (195, '荔枝皮\n', 5);
INSERT INTO `householdfood_waste` VALUES (196, '栗子壳\n', 5);
INSERT INTO `householdfood_waste` VALUES (197, '荔枝壳\n', 5);
INSERT INTO `householdfood_waste` VALUES (198, '面包\n', 5);
INSERT INTO `householdfood_waste` VALUES (199, '面包屑\n', 5);
INSERT INTO `householdfood_waste` VALUES (200, '毛豆壳\n', 5);
INSERT INTO `householdfood_waste` VALUES (201, '木耳\n', 5);
INSERT INTO `householdfood_waste` VALUES (202, '面粉\n', 5);
INSERT INTO `householdfood_waste` VALUES (203, '米饭\n', 5);
INSERT INTO `householdfood_waste` VALUES (204, '蘑菇\n', 5);
INSERT INTO `householdfood_waste` VALUES (205, '木瓜\n', 5);
INSERT INTO `householdfood_waste` VALUES (206, '芒果干\n', 5);
INSERT INTO `householdfood_waste` VALUES (207, '芒果核\n', 5);
INSERT INTO `householdfood_waste` VALUES (208, '玫瑰花\n', 5);
INSERT INTO `householdfood_waste` VALUES (209, '芒果皮\n', 5);
INSERT INTO `householdfood_waste` VALUES (210, '猕猴桃\n', 5);
INSERT INTO `householdfood_waste` VALUES (211, '猕猴桃皮\n', 5);
INSERT INTO `householdfood_waste` VALUES (212, '蜜饯\n', 5);
INSERT INTO `householdfood_waste` VALUES (213, '猫粮\n', 5);
INSERT INTO `householdfood_waste` VALUES (214, '麻辣烫\n', 5);
INSERT INTO `householdfood_waste` VALUES (215, '猫屎咖啡\n', 5);
INSERT INTO `householdfood_waste` VALUES (216, '馒头\n', 5);
INSERT INTO `householdfood_waste` VALUES (217, '奶粉\n', 5);
INSERT INTO `householdfood_waste` VALUES (218, '年糕\n', 5);
INSERT INTO `householdfood_waste` VALUES (219, '南瓜皮\n', 5);
INSERT INTO `householdfood_waste` VALUES (220, '南瓜子壳\n', 5);
INSERT INTO `householdfood_waste` VALUES (221, '牛筋\n', 5);
INSERT INTO `householdfood_waste` VALUES (222, '奶酪\n', 5);
INSERT INTO `householdfood_waste` VALUES (223, '柠檬\n', 5);
INSERT INTO `householdfood_waste` VALUES (224, '牛排\n', 5);
INSERT INTO `householdfood_waste` VALUES (225, '牛肉\n', 5);
INSERT INTO `householdfood_waste` VALUES (226, '牛肉干\n', 5);
INSERT INTO `householdfood_waste` VALUES (227, '牛蛙\n', 5);
INSERT INTO `householdfood_waste` VALUES (228, '奶油\n', 5);
INSERT INTO `householdfood_waste` VALUES (229, '皮蛋壳\n', 5);
INSERT INTO `householdfood_waste` VALUES (230, '排骨\n', 5);
INSERT INTO `householdfood_waste` VALUES (231, '苹果\n', 5);
INSERT INTO `householdfood_waste` VALUES (232, '苹果核\n', 5);
INSERT INTO `householdfood_waste` VALUES (233, '苹果皮\n', 5);
INSERT INTO `householdfood_waste` VALUES (234, '膨化食品\n', 5);
INSERT INTO `householdfood_waste` VALUES (235, '披萨\n', 5);
INSERT INTO `householdfood_waste` VALUES (236, '葡萄干\n', 5);
INSERT INTO `householdfood_waste` VALUES (237, '葡萄皮\n', 5);
INSERT INTO `householdfood_waste` VALUES (238, '葡萄籽\n', 5);
INSERT INTO `householdfood_waste` VALUES (239, '螃蟹壳\n', 5);
INSERT INTO `householdfood_waste` VALUES (240, '芹菜\n', 5);
INSERT INTO `householdfood_waste` VALUES (241, '青菜\n', 5);
INSERT INTO `householdfood_waste` VALUES (242, '巧克力\n', 5);
INSERT INTO `householdfood_waste` VALUES (243, '巧克力粉\n', 5);
INSERT INTO `householdfood_waste` VALUES (244, '巧克力酱\n', 5);
INSERT INTO `householdfood_waste` VALUES (245, '曲奇\n', 5);
INSERT INTO `householdfood_waste` VALUES (246, '青蟹壳\n', 5);
INSERT INTO `householdfood_waste` VALUES (247, '茄子\n', 5);
INSERT INTO `householdfood_waste` VALUES (248, '肉\n', 5);
INSERT INTO `householdfood_waste` VALUES (249, '软糖\n', 5);
INSERT INTO `householdfood_waste` VALUES (250, '剩菜剩饭\n', 5);
INSERT INTO `householdfood_waste` VALUES (251, '丝瓜\n', 5);
INSERT INTO `householdfood_waste` VALUES (252, '碎骨头\n', 5);
INSERT INTO `householdfood_waste` VALUES (253, '扇贝肉\n', 5);
INSERT INTO `householdfood_waste` VALUES (254, '蔬菜\n', 5);
INSERT INTO `householdfood_waste` VALUES (255, '水草\n', 5);
INSERT INTO `householdfood_waste` VALUES (256, '水果\n', 5);
INSERT INTO `householdfood_waste` VALUES (257, '水果干\n', 5);
INSERT INTO `householdfood_waste` VALUES (258, '水果皮\n', 5);
INSERT INTO `householdfood_waste` VALUES (259, '生蚝肉\n', 5);
INSERT INTO `householdfood_waste` VALUES (260, '生姜\n', 5);
INSERT INTO `householdfood_waste` VALUES (261, '熟鸡蛋壳\n', 5);
INSERT INTO `householdfood_waste` VALUES (262, '生鸡蛋壳\n', 5);
INSERT INTO `householdfood_waste` VALUES (263, '沙拉酱\n', 5);
INSERT INTO `householdfood_waste` VALUES (264, '树皮\n', 5);
INSERT INTO `householdfood_waste` VALUES (265, '薯片\n', 5);
INSERT INTO `householdfood_waste` VALUES (266, '山芋\n', 5);
INSERT INTO `householdfood_waste` VALUES (267, '山楂片\n', 5);
INSERT INTO `householdfood_waste` VALUES (268, '笋壳\n', 5);
INSERT INTO `householdfood_waste` VALUES (269, '笋皮\n', 5);
INSERT INTO `householdfood_waste` VALUES (270, '蒜皮\n', 5);
INSERT INTO `householdfood_waste` VALUES (271, '食物残渣\n', 5);
INSERT INTO `householdfood_waste` VALUES (272, '三文鱼\n', 5);
INSERT INTO `householdfood_waste` VALUES (273, '树叶\n', 5);
INSERT INTO `householdfood_waste` VALUES (274, '山竹壳\n', 5);
INSERT INTO `householdfood_waste` VALUES (275, '梭子蟹\n', 5);
INSERT INTO `householdfood_waste` VALUES (276, '梭子蟹壳\n', 5);
INSERT INTO `householdfood_waste` VALUES (277, '糖\n', 5);
INSERT INTO `householdfood_waste` VALUES (278, '土豆\n', 5);
INSERT INTO `householdfood_waste` VALUES (279, '土豆皮\n', 5);
INSERT INTO `householdfood_waste` VALUES (280, '糖果\n', 5);
INSERT INTO `householdfood_waste` VALUES (281, '蹄髈\n', 5);
INSERT INTO `householdfood_waste` VALUES (282, '桃子\n', 5);
INSERT INTO `householdfood_waste` VALUES (283, '桃子皮\n', 5);
INSERT INTO `householdfood_waste` VALUES (284, '午餐肉\n', 5);
INSERT INTO `householdfood_waste` VALUES (285, '味精\n', 5);
INSERT INTO `householdfood_waste` VALUES (286, '蚊子\n', 5);
INSERT INTO `householdfood_waste` VALUES (287, '虾\n', 5);
INSERT INTO `householdfood_waste` VALUES (288, '小葱\n', 5);
INSERT INTO `householdfood_waste` VALUES (289, '咸菜\n', 5);
INSERT INTO `householdfood_waste` VALUES (290, '香榧子壳\n', 5);
INSERT INTO `householdfood_waste` VALUES (291, '香菇\n', 5);
INSERT INTO `householdfood_waste` VALUES (292, '西瓜皮\n', 5);
INSERT INTO `householdfood_waste` VALUES (293, '西瓜籽\n', 5);
INSERT INTO `householdfood_waste` VALUES (294, '香瓜子\n', 5);
INSERT INTO `householdfood_waste` VALUES (295, '西瓜子\n', 5);
INSERT INTO `householdfood_waste` VALUES (296, '鲜花饼\n', 5);
INSERT INTO `householdfood_waste` VALUES (297, '西红柿\n', 5);
INSERT INTO `householdfood_waste` VALUES (298, '小核桃肉\n', 5);
INSERT INTO `householdfood_waste` VALUES (299, '香蕉\n', 5);
INSERT INTO `householdfood_waste` VALUES (300, '香蕉干\n', 5);
INSERT INTO `householdfood_waste` VALUES (301, '香蕉皮\n', 5);
INSERT INTO `householdfood_waste` VALUES (302, '虾壳\n', 5);
INSERT INTO `householdfood_waste` VALUES (303, '西兰花\n', 5);
INSERT INTO `householdfood_waste` VALUES (304, '西兰花梗\n', 5);
INSERT INTO `householdfood_waste` VALUES (305, '小龙虾\n', 5);
INSERT INTO `householdfood_waste` VALUES (306, '小龙虾黄\n', 5);
INSERT INTO `householdfood_waste` VALUES (307, '小龙虾壳\n', 5);
INSERT INTO `householdfood_waste` VALUES (308, '小龙虾肉\n', 5);
INSERT INTO `householdfood_waste` VALUES (309, '小龙虾头\n', 5);
INSERT INTO `householdfood_waste` VALUES (310, '小米\n', 5);
INSERT INTO `householdfood_waste` VALUES (311, '虾皮\n', 5);
INSERT INTO `householdfood_waste` VALUES (312, '小排骨\n', 5);
INSERT INTO `householdfood_waste` VALUES (313, '杏仁\n', 5);
INSERT INTO `householdfood_waste` VALUES (314, '仙人球\n', 5);
INSERT INTO `householdfood_waste` VALUES (315, '仙人掌\n', 5);
INSERT INTO `householdfood_waste` VALUES (316, '虾头\n', 5);
INSERT INTO `householdfood_waste` VALUES (317, '咸鱼\n', 5);
INSERT INTO `householdfood_waste` VALUES (318, '咸鸭蛋壳\n', 5);
INSERT INTO `householdfood_waste` VALUES (319, '鱼\n', 5);
INSERT INTO `householdfood_waste` VALUES (320, '盐\n', 5);
INSERT INTO `householdfood_waste` VALUES (321, '鸭脖\n', 5);
INSERT INTO `householdfood_waste` VALUES (322, '鱼刺\n', 5);
INSERT INTO `householdfood_waste` VALUES (323, '洋葱皮\n', 5);
INSERT INTO `householdfood_waste` VALUES (324, '银耳\n', 5);
INSERT INTO `householdfood_waste` VALUES (325, '腰果\n', 5);
INSERT INTO `householdfood_waste` VALUES (326, '鱼骨头\n', 5);
INSERT INTO `householdfood_waste` VALUES (327, '鸭骨头\n', 5);
INSERT INTO `householdfood_waste` VALUES (328, '鱼鳞\n', 5);
INSERT INTO `householdfood_waste` VALUES (329, '杨梅\n', 5);
INSERT INTO `householdfood_waste` VALUES (330, '玉米棒\n', 5);
INSERT INTO `householdfood_waste` VALUES (331, '玉米芯\n', 5);
INSERT INTO `householdfood_waste` VALUES (332, '芋艿\n', 5);
INSERT INTO `householdfood_waste` VALUES (333, '鱼内脏\n', 5);
INSERT INTO `householdfood_waste` VALUES (334, '鸭肉\n', 5);
INSERT INTO `householdfood_waste` VALUES (335, '鱼肉\n', 5);
INSERT INTO `householdfood_waste` VALUES (336, '压缩饼干\n', 5);
INSERT INTO `householdfood_waste` VALUES (337, '盐水花生壳\n', 5);
INSERT INTO `householdfood_waste` VALUES (338, '洋山芋\n', 5);
INSERT INTO `householdfood_waste` VALUES (339, '鱼饲料\n', 5);
INSERT INTO `householdfood_waste` VALUES (340, '鸭腿\n', 5);
INSERT INTO `householdfood_waste` VALUES (341, '油条\n', 5);
INSERT INTO `householdfood_waste` VALUES (342, '芋头\n', 5);
INSERT INTO `householdfood_waste` VALUES (343, '鱼头\n', 5);
INSERT INTO `householdfood_waste` VALUES (344, '樱桃核\n', 5);
INSERT INTO `householdfood_waste` VALUES (345, '芋圆\n', 5);
INSERT INTO `householdfood_waste` VALUES (346, '鱿鱼\n', 5);
INSERT INTO `householdfood_waste` VALUES (347, '叶子\n', 5);
INSERT INTO `householdfood_waste` VALUES (348, '柚子皮\n', 5);
INSERT INTO `householdfood_waste` VALUES (349, '杂草\n', 5);
INSERT INTO `householdfood_waste` VALUES (350, '枣核\n', 5);
INSERT INTO `householdfood_waste` VALUES (351, '粥\n', 5);
INSERT INTO `householdfood_waste` VALUES (352, '中草药\n', 5);
INSERT INTO `householdfood_waste` VALUES (353, '中草药材\n', 5);
INSERT INTO `householdfood_waste` VALUES (354, '炸鸡\n', 5);
INSERT INTO `householdfood_waste` VALUES (355, '蟑螂\n', 5);
INSERT INTO `householdfood_waste` VALUES (356, '芝麻\n', 5);
INSERT INTO `householdfood_waste` VALUES (357, '猪皮\n', 5);
INSERT INTO `householdfood_waste` VALUES (358, '竹笋\n', 5);
INSERT INTO `householdfood_waste` VALUES (359, '芝士\n', 5);
INSERT INTO `householdfood_waste` VALUES (360, '猪蹄\n', 5);
INSERT INTO `householdfood_waste` VALUES (361, '章鱼\n', 5);
INSERT INTO `householdfood_waste` VALUES (362, '中药渣\n', 5);
INSERT INTO `householdfood_waste` VALUES (363, '枣子核\n', 5);
INSERT INTO `householdfood_waste` VALUES (364, '橙子\n', 5);
INSERT INTO `householdfood_waste` VALUES (365, '花蛤\n', 5);
INSERT INTO `householdfood_waste` VALUES (366, '菜叶\n', 5);
INSERT INTO `householdfood_waste` VALUES (367, '包裹着西瓜籽的纸巾\n', 5);
INSERT INTO `householdfood_waste` VALUES (368, '冰淇淋纸\n', 5);
INSERT INTO `householdfood_waste` VALUES (369, '蛏子壳\n', 5);
INSERT INTO `householdfood_waste` VALUES (370, '大龙虾壳\n', 5);
INSERT INTO `householdfood_waste` VALUES (371, '大龙虾头\n', 5);
INSERT INTO `householdfood_waste` VALUES (372, '干花\n', 5);
INSERT INTO `householdfood_waste` VALUES (373, '冰淇淋纸杯\n', 5);
INSERT INTO `householdfood_waste` VALUES (374, '皮皮虾壳\n', 5);
INSERT INTO `householdfood_waste` VALUES (375, '巧克力锡纸\n', 5);
INSERT INTO `householdfood_waste` VALUES (376, '树枝\n', 5);
INSERT INTO `householdfood_waste` VALUES (377, '调料包\n', 5);
INSERT INTO `householdfood_waste` VALUES (378, '田螺壳\n', 5);
INSERT INTO `householdfood_waste` VALUES (379, '西梅核\n', 5);
INSERT INTO `householdfood_waste` VALUES (380, '油脂\n', 5);
INSERT INTO `householdfood_waste` VALUES (381, '冰淇淋盒\n', 5);
INSERT INTO `householdfood_waste` VALUES (382, '番茄酱瓶\n', 5);
INSERT INTO `householdfood_waste` VALUES (383, '午餐肉罐头\n', 5);
INSERT INTO `householdfood_waste` VALUES (384, '甘蔗\n', 5);
INSERT INTO `householdfood_waste` VALUES (385, '鸡骨头\n', 5);
INSERT INTO `householdfood_waste` VALUES (386, '鸡精\n', 5);
INSERT INTO `householdfood_waste` VALUES (387, '田螺肉\n', 5);
INSERT INTO `householdfood_waste` VALUES (388, '三文鱼头\n', 5);
INSERT INTO `householdfood_waste` VALUES (389, '冬枣\n', 5);
INSERT INTO `householdfood_waste` VALUES (390, '榴莲肉\n', 5);
INSERT INTO `householdfood_waste` VALUES (391, '废弃调味品\n', 5);
INSERT INTO `householdfood_waste` VALUES (392, '鸡肉\n', 5);
INSERT INTO `householdfood_waste` VALUES (393, '桃核\n', 5);
INSERT INTO `householdfood_waste` VALUES (394, '薯条\n', 5);
INSERT INTO `householdfood_waste` VALUES (395, '菠萝包\n', 5);
INSERT INTO `householdfood_waste` VALUES (396, '牛油果皮\n', 5);
INSERT INTO `householdfood_waste` VALUES (397, '鸡排\n', 5);
INSERT INTO `householdfood_waste` VALUES (398, '桔梗\n', 5);
INSERT INTO `householdfood_waste` VALUES (399, '蹄膀\n', 5);
INSERT INTO `householdfood_waste` VALUES (400, '猪肉\n', 5);
INSERT INTO `householdfood_waste` VALUES (401, '生肉\n', 5);
INSERT INTO `householdfood_waste` VALUES (402, '基围虾壳\n', 5);
INSERT INTO `householdfood_waste` VALUES (403, '烘山芋皮\n', 5);
INSERT INTO `householdfood_waste` VALUES (404, '烧鸡\n', 5);
INSERT INTO `householdfood_waste` VALUES (405, '梨核\n', 5);
INSERT INTO `householdfood_waste` VALUES (406, '生菜\n', 5);
INSERT INTO `householdfood_waste` VALUES (407, '鸡屁股\n', 5);
INSERT INTO `householdfood_waste` VALUES (408, '话梅核\n', 5);
INSERT INTO `householdfood_waste` VALUES (409, '寿司\n', 5);
INSERT INTO `householdfood_waste` VALUES (410, '干香菇\n', 5);
INSERT INTO `householdfood_waste` VALUES (411, '腊肉\n', 5);
INSERT INTO `householdfood_waste` VALUES (412, '饭团\n', 5);
INSERT INTO `householdfood_waste` VALUES (413, '汉堡包\n', 5);
INSERT INTO `householdfood_waste` VALUES (414, '鸡腿骨\n', 5);
INSERT INTO `householdfood_waste` VALUES (415, '生煎包\n', 5);
INSERT INTO `householdfood_waste` VALUES (416, '鱼肠\n', 5);
INSERT INTO `householdfood_waste` VALUES (417, '黄桃\n', 5);
INSERT INTO `householdfood_waste` VALUES (418, '芦荟\n', 5);
INSERT INTO `householdfood_waste` VALUES (419, '玫瑰\n', 5);
INSERT INTO `householdfood_waste` VALUES (420, '烧卖\n', 5);
INSERT INTO `householdfood_waste` VALUES (421, '红枣干\n', 5);
INSERT INTO `householdfood_waste` VALUES (422, '豆腐乳\n', 5);
INSERT INTO `householdfood_waste` VALUES (423, '黄鱼\n', 5);
INSERT INTO `householdfood_waste` VALUES (424, '墨鱼\n', 5);
INSERT INTO `householdfood_waste` VALUES (425, '菠菜\n', 5);
INSERT INTO `householdfood_waste` VALUES (426, '凉皮\n', 5);
INSERT INTO `householdfood_waste` VALUES (427, '辣椒酱\n', 5);
INSERT INTO `householdfood_waste` VALUES (428, '辣酱\n', 5);
INSERT INTO `householdfood_waste` VALUES (429, '青菜叶\n', 5);
INSERT INTO `householdfood_waste` VALUES (430, '西柚\n', 5);
INSERT INTO `householdfood_waste` VALUES (431, '香肠\n', 5);
INSERT INTO `householdfood_waste` VALUES (432, '菱角\n', 5);
INSERT INTO `householdfood_waste` VALUES (433, '呕吐物\n', 5);
INSERT INTO `householdfood_waste` VALUES (434, '茶叶蛋\n', 5);
INSERT INTO `householdfood_waste` VALUES (435, '蛏子肉\n', 5);
INSERT INTO `householdfood_waste` VALUES (436, '荷包蛋\n', 5);
INSERT INTO `householdfood_waste` VALUES (437, '皮皮虾\n', 5);
INSERT INTO `householdfood_waste` VALUES (438, '哈密瓜皮\n', 5);
INSERT INTO `householdfood_waste` VALUES (439, '白米虾壳\n', 5);
INSERT INTO `householdfood_waste` VALUES (440, '肉皮\n', 5);
INSERT INTO `householdfood_waste` VALUES (441, '圣女果\n', 5);
INSERT INTO `householdfood_waste` VALUES (442, '棉花糖\n', 5);
INSERT INTO `householdfood_waste` VALUES (443, '紫菜\n', 5);
INSERT INTO `householdfood_waste` VALUES (444, '菜饭\n', 5);
INSERT INTO `householdfood_waste` VALUES (445, '牛鞭\n', 5);
INSERT INTO `householdfood_waste` VALUES (446, '中药材\n', 5);
INSERT INTO `householdfood_waste` VALUES (447, '杏仁壳\n', 5);
INSERT INTO `householdfood_waste` VALUES (448, '火锅调料\n', 5);
INSERT INTO `householdfood_waste` VALUES (449, '川崎火锅调料\n', 5);
INSERT INTO `householdfood_waste` VALUES (450, '西红柿炒鸡蛋\n', 5);
INSERT INTO `householdfood_waste` VALUES (451, '金华火腿\n', 5);
INSERT INTO `householdfood_waste` VALUES (452, '水果茶渣\n', 5);
INSERT INTO `householdfood_waste` VALUES (453, '河豚\n', 5);
INSERT INTO `householdfood_waste` VALUES (454, '西柚皮\n', 5);
INSERT INTO `householdfood_waste` VALUES (455, '鸡翅骨头\n', 5);
INSERT INTO `householdfood_waste` VALUES (456, '板栗\n', 5);
INSERT INTO `householdfood_waste` VALUES (457, '糖炒栗子壳\n', 5);
INSERT INTO `householdfood_waste` VALUES (458, '无花果壳\n', 5);
INSERT INTO `householdfood_waste` VALUES (459, '冰糖\n', 5);
INSERT INTO `householdfood_waste` VALUES (460, '红糖\n', 5);
INSERT INTO `householdfood_waste` VALUES (461, '鸭腿骨\n', 5);
INSERT INTO `householdfood_waste` VALUES (462, '文竹\n', 5);
INSERT INTO `householdfood_waste` VALUES (463, '南瓜\n', 5);
INSERT INTO `householdfood_waste` VALUES (464, '红烧肉\n', 5);
INSERT INTO `householdfood_waste` VALUES (465, '燕窝\n', 5);
INSERT INTO `householdfood_waste` VALUES (466, '冰淇淋脆筒\n', 5);
INSERT INTO `householdfood_waste` VALUES (467, '海瓜子\n', 5);
INSERT INTO `householdfood_waste` VALUES (468, '莲藕\n', 5);
INSERT INTO `householdfood_waste` VALUES (469, '金鱼\n', 5);
INSERT INTO `householdfood_waste` VALUES (470, '三文鱼刺身\n', 5);
INSERT INTO `householdfood_waste` VALUES (471, '花菜\n', 5);
INSERT INTO `householdfood_waste` VALUES (472, '花椰菜\n', 5);
INSERT INTO `householdfood_waste` VALUES (473, '莲蓬\n', 5);
INSERT INTO `householdfood_waste` VALUES (474, '西瓜\n', 5);
INSERT INTO `householdfood_waste` VALUES (475, '白菜\n', 5);
INSERT INTO `householdfood_waste` VALUES (476, '德芙巧克力\n', 5);
INSERT INTO `householdfood_waste` VALUES (477, '烤肉\n', 5);
INSERT INTO `householdfood_waste` VALUES (478, '炸火腿肠\n', 5);
INSERT INTO `householdfood_waste` VALUES (479, '巧克力派\n', 5);
INSERT INTO `householdfood_waste` VALUES (480, '玉米\n', 5);
INSERT INTO `householdfood_waste` VALUES (481, '鱼皮\n', 5);
INSERT INTO `householdfood_waste` VALUES (482, '竹笋壳\n', 5);
INSERT INTO `householdfood_waste` VALUES (483, '马铃薯\n', 5);
INSERT INTO `householdfood_waste` VALUES (484, '马铃薯皮\n', 5);
INSERT INTO `householdfood_waste` VALUES (485, '泡菜\n', 5);
INSERT INTO `householdfood_waste` VALUES (486, '肉包\n', 5);
INSERT INTO `householdfood_waste` VALUES (487, '整只小龙虾\n', 5);
INSERT INTO `householdfood_waste` VALUES (488, '去黄龙虾头\n', 5);
INSERT INTO `householdfood_waste` VALUES (489, '龙虾壳\n', 5);
INSERT INTO `householdfood_waste` VALUES (490, '猪肉脯\n', 5);
INSERT INTO `householdfood_waste` VALUES (491, '药材\n', 5);
INSERT INTO `householdfood_waste` VALUES (492, '豆渣\n', 5);
INSERT INTO `householdfood_waste` VALUES (493, '毛豆结\n', 5);
INSERT INTO `householdfood_waste` VALUES (494, '过期奶粉\n', 5);
INSERT INTO `householdfood_waste` VALUES (495, '过期燕麦片\n', 5);
INSERT INTO `householdfood_waste` VALUES (496, '泡面调料\n', 5);
INSERT INTO `householdfood_waste` VALUES (497, '槟榔皮\n', 5);
INSERT INTO `householdfood_waste` VALUES (498, '长生果壳\n', 5);
INSERT INTO `householdfood_waste` VALUES (499, '芭蕉叶\n', 5);
INSERT INTO `householdfood_waste` VALUES (500, '风干食品\n', 5);
INSERT INTO `householdfood_waste` VALUES (501, '阿尔卑斯糖\n', 5);
INSERT INTO `householdfood_waste` VALUES (502, '晾干的柚子皮\n', 5);
INSERT INTO `householdfood_waste` VALUES (503, '过期芝士\n', 5);
INSERT INTO `householdfood_waste` VALUES (504, '三文鱼皮\n', 5);
INSERT INTO `householdfood_waste` VALUES (505, '萝卜的叶子\n', 5);
INSERT INTO `householdfood_waste` VALUES (506, '干枯玫瑰花\n', 5);
INSERT INTO `householdfood_waste` VALUES (507, '花生米\n', 5);
INSERT INTO `householdfood_waste` VALUES (508, '酱汁\n', 5);
INSERT INTO `householdfood_waste` VALUES (509, '鸡\n', 5);
INSERT INTO `householdfood_waste` VALUES (510, '残花\n', 5);
INSERT INTO `householdfood_waste` VALUES (511, '干花生皮\n', 5);
INSERT INTO `householdfood_waste` VALUES (512, '落叶残花\n', 5);
INSERT INTO `householdfood_waste` VALUES (513, '担担面\n', 5);
INSERT INTO `householdfood_waste` VALUES (514, '人造奶油\n', 5);
INSERT INTO `householdfood_waste` VALUES (515, '咖啡\n', 5);
INSERT INTO `householdfood_waste` VALUES (516, '瓜子花生壳\n', 5);
INSERT INTO `householdfood_waste` VALUES (517, '牛\n', 5);
INSERT INTO `householdfood_waste` VALUES (518, '干枯花\n', 5);
INSERT INTO `householdfood_waste` VALUES (519, '花生的壳\n', 5);
INSERT INTO `householdfood_waste` VALUES (520, '面包干\n', 5);
INSERT INTO `householdfood_waste` VALUES (521, '罐头食品的内容物\n', 5);
INSERT INTO `householdfood_waste` VALUES (522, '草\n', 5);
INSERT INTO `householdfood_waste` VALUES (523, '米\n', 5);
INSERT INTO `householdfood_waste` VALUES (524, '落叶\n', 5);
INSERT INTO `householdfood_waste` VALUES (525, '过期面包\n', 5);
INSERT INTO `householdfood_waste` VALUES (526, '炒面\n', 5);
INSERT INTO `householdfood_waste` VALUES (527, '瓜\n', 5);
INSERT INTO `householdfood_waste` VALUES (528, '生米\n', 5);
INSERT INTO `householdfood_waste` VALUES (529, '速冻饺子\n', 5);
INSERT INTO `householdfood_waste` VALUES (530, '饺子\n', 5);
INSERT INTO `householdfood_waste` VALUES (531, '草皮\n', 5);
INSERT INTO `householdfood_waste` VALUES (532, '花草\n', 5);
INSERT INTO `householdfood_waste` VALUES (533, '青草\n', 5);
INSERT INTO `householdfood_waste` VALUES (534, '草药\n', 5);
INSERT INTO `householdfood_waste` VALUES (535, '方便面\n', 5);
INSERT INTO `householdfood_waste` VALUES (536, '各类过期食品\n', 5);
INSERT INTO `householdfood_waste` VALUES (537, '菜花\n', 5);
INSERT INTO `householdfood_waste` VALUES (538, '食品\n', 5);
INSERT INTO `householdfood_waste` VALUES (539, '白菜叶\n', 5);
INSERT INTO `householdfood_waste` VALUES (540, '包菜叶子\n', 5);
INSERT INTO `householdfood_waste` VALUES (541, '菜根\n', 5);
INSERT INTO `householdfood_waste` VALUES (542, '菜根菜头\n', 5);
INSERT INTO `householdfood_waste` VALUES (543, '菜梗\n', 5);
INSERT INTO `householdfood_waste` VALUES (544, '湿花生壳\n', 5);
INSERT INTO `householdfood_waste` VALUES (545, '水煮花生壳\n', 5);
INSERT INTO `householdfood_waste` VALUES (546, '煮花生壳\n', 5);
INSERT INTO `householdfood_waste` VALUES (547, '食物\n', 5);
INSERT INTO `householdfood_waste` VALUES (548, '蔗糖\n', 5);
INSERT INTO `householdfood_waste` VALUES (549, '菜叶子\n', 5);
INSERT INTO `householdfood_waste` VALUES (550, '饭\n', 5);
INSERT INTO `householdfood_waste` VALUES (551, '剩菜饭\n', 5);
INSERT INTO `householdfood_waste` VALUES (552, '菜梗菜叶\n', 5);
INSERT INTO `householdfood_waste` VALUES (553, '发霉食物\n', 5);
INSERT INTO `householdfood_waste` VALUES (554, '过期食物\n', 5);
INSERT INTO `householdfood_waste` VALUES (555, '湿花生\n', 5);
INSERT INTO `householdfood_waste` VALUES (556, '奶油蛋糕\n', 5);
INSERT INTO `householdfood_waste` VALUES (557, '蛋\n', 5);
INSERT INTO `householdfood_waste` VALUES (558, '风味蛋糕\n', 5);
INSERT INTO `householdfood_waste` VALUES (559, '面\n', 5);
INSERT INTO `householdfood_waste` VALUES (560, '泡面\n', 5);
INSERT INTO `householdfood_waste` VALUES (561, '蔬菜水果皮\n', 5);
INSERT INTO `householdfood_waste` VALUES (562, '水果茶\n', 5);
INSERT INTO `householdfood_waste` VALUES (563, '水果脆\n', 5);
INSERT INTO `householdfood_waste` VALUES (564, '水果果肉\n', 5);
INSERT INTO `householdfood_waste` VALUES (565, '过期面粉\n', 5);
INSERT INTO `householdfood_waste` VALUES (566, '湿面粉\n', 5);
INSERT INTO `householdfood_waste` VALUES (567, '花\n', 5);
INSERT INTO `householdfood_waste` VALUES (568, '叶\n', 5);
INSERT INTO `householdfood_waste` VALUES (569, '白煮蛋壳\n', 5);
INSERT INTO `householdfood_waste` VALUES (570, '臭鸡蛋\n', 5);
INSERT INTO `householdfood_waste` VALUES (571, '果肉\n', 5);
INSERT INTO `householdfood_waste` VALUES (572, '饼干渣\n', 5);
INSERT INTO `householdfood_waste` VALUES (573, '过期饼干\n', 5);
INSERT INTO `householdfood_waste` VALUES (574, '艾叶\n', 5);
INSERT INTO `householdfood_waste` VALUES (575, '花叶\n', 5);
INSERT INTO `householdfood_waste` VALUES (576, '枯叶\n', 5);
INSERT INTO `householdfood_waste` VALUES (577, '绿叶\n', 5);
INSERT INTO `householdfood_waste` VALUES (578, '桑叶\n', 5);
INSERT INTO `householdfood_waste` VALUES (579, '烟叶\n', 5);
INSERT INTO `householdfood_waste` VALUES (580, '米虫\n', 5);
INSERT INTO `householdfood_waste` VALUES (581, '蛤蜊肉\n', 5);
INSERT INTO `householdfood_waste` VALUES (582, '狗肉\n', 5);
INSERT INTO `householdfood_waste` VALUES (583, '骨肉相连\n', 5);
INSERT INTO `householdfood_waste` VALUES (584, '贝壳肉\n', 5);
INSERT INTO `householdfood_waste` VALUES (585, '过期的咖啡\n', 5);
INSERT INTO `householdfood_waste` VALUES (586, '多肉\n', 5);
INSERT INTO `householdfood_waste` VALUES (587, '腐肉\n', 5);
INSERT INTO `householdfood_waste` VALUES (588, '鸡蛋蛋壳\n', 5);
INSERT INTO `householdfood_waste` VALUES (589, '生的鸡蛋壳\n', 5);
INSERT INTO `householdfood_waste` VALUES (590, '熟鸡蛋\n', 5);
INSERT INTO `householdfood_waste` VALUES (591, '鸡肝\n', 5);
INSERT INTO `householdfood_waste` VALUES (592, '鸡骨\n', 5);
INSERT INTO `householdfood_waste` VALUES (593, '过期牛肉干\n', 5);
INSERT INTO `householdfood_waste` VALUES (594, '冷冻食品\n', 5);
INSERT INTO `householdfood_waste` VALUES (595, '残枝\n', 5);
INSERT INTO `householdfood_waste` VALUES (596, '干瓜子壳\n', 5);
INSERT INTO `householdfood_waste` VALUES (597, '绿茶瓜子\n', 5);
INSERT INTO `householdfood_waste` VALUES (598, '西瓜子壳\n', 5);
INSERT INTO `householdfood_waste` VALUES (599, '地瓜皮\n', 5);
INSERT INTO `householdfood_waste` VALUES (600, '瓜果壳\n', 5);
INSERT INTO `householdfood_waste` VALUES (601, '瓜果皮\n', 5);
INSERT INTO `householdfood_waste` VALUES (602, '瓜果皮核\n', 5);
INSERT INTO `householdfood_waste` VALUES (603, '瓜壳\n', 5);
INSERT INTO `householdfood_waste` VALUES (604, '瓜果蔬菜\n', 5);
INSERT INTO `householdfood_waste` VALUES (605, '金针菜\n', 5);
INSERT INTO `householdfood_waste` VALUES (606, '豆腐渣\n', 5);
INSERT INTO `householdfood_waste` VALUES (607, '鲍鱼\n', 5);
INSERT INTO `householdfood_waste` VALUES (608, '死鱼\n', 5);
INSERT INTO `householdfood_waste` VALUES (609, '食材废料\n', 5);
INSERT INTO `householdfood_waste` VALUES (610, '花卉植物\n', 5);
INSERT INTO `householdfood_waste` VALUES (611, '中药药渣\n', 5);
INSERT INTO `householdfood_waste` VALUES (612, '鸭\n', 5);
INSERT INTO `householdfood_waste` VALUES (613, '猪\n', 5);
INSERT INTO `householdfood_waste` VALUES (614, '羊肉\n', 5);
INSERT INTO `householdfood_waste` VALUES (615, '豆类\n', 5);
INSERT INTO `householdfood_waste` VALUES (616, '肉蛋加工食品\n', 5);
INSERT INTO `householdfood_waste` VALUES (617, '根茎蔬菜\n', 5);
INSERT INTO `householdfood_waste` VALUES (618, '谷物\n', 5);
INSERT INTO `householdfood_waste` VALUES (619, '肉蛋\n', 5);
INSERT INTO `householdfood_waste` VALUES (620, '绿叶菜\n', 5);
INSERT INTO `householdfood_waste` VALUES (621, '家养绿植\n', 5);
INSERT INTO `householdfood_waste` VALUES (622, '水果茎枝\n', 5);
INSERT INTO `householdfood_waste` VALUES (623, '肉干\n', 5);
INSERT INTO `householdfood_waste` VALUES (624, '椰子肉\n', 5);
INSERT INTO `householdfood_waste` VALUES (625, '葡萄枝\n', 5);
INSERT INTO `householdfood_waste` VALUES (626, '枝叶\n', 5);
INSERT INTO `householdfood_waste` VALUES (627, '冲泡饮料\n', 5);
INSERT INTO `householdfood_waste` VALUES (628, '火锅汤底\n', 5);
INSERT INTO `householdfood_waste` VALUES (629, '碎骨\n', 5);
INSERT INTO `householdfood_waste` VALUES (630, '鱼骨\n', 5);
INSERT INTO `householdfood_waste` VALUES (631, '糕饼\n', 5);
INSERT INTO `householdfood_waste` VALUES (632, '葡萄\n', 5);
INSERT INTO `householdfood_waste` VALUES (633, '芒果\n', 5);
INSERT INTO `householdfood_waste` VALUES (634, '柚子\n', 5);
INSERT INTO `householdfood_waste` VALUES (635, '桔柑\n', 5);
INSERT INTO `householdfood_waste` VALUES (636, '甜瓜\n', 5);
INSERT INTO `householdfood_waste` VALUES (637, '樱桃\n', 5);
INSERT INTO `householdfood_waste` VALUES (638, '车厘子\n', 5);
INSERT INTO `householdfood_waste` VALUES (639, '山竹\n', 5);
INSERT INTO `householdfood_waste` VALUES (640, '牛油果\n', 5);
INSERT INTO `householdfood_waste` VALUES (641, '菠萝蜜\n', 5);
INSERT INTO `householdfood_waste` VALUES (642, '蒜\n', 5);
INSERT INTO `householdfood_waste` VALUES (643, '萝卜\n', 5);
INSERT INTO `householdfood_waste` VALUES (644, '毛豆\n', 5);
INSERT INTO `householdfood_waste` VALUES (645, '兔肉\n', 5);
INSERT INTO `householdfood_waste` VALUES (646, '螃蟹\n', 5);
INSERT INTO `householdfood_waste` VALUES (647, '龙虾\n', 5);
INSERT INTO `householdfood_waste` VALUES (648, '生蚝\n', 5);
INSERT INTO `householdfood_waste` VALUES (649, '淀粉\n', 5);
INSERT INTO `householdfood_waste` VALUES (650, '黑豆\n', 5);
INSERT INTO `householdfood_waste` VALUES (651, '大豆\n', 5);
INSERT INTO `householdfood_waste` VALUES (652, '高粱\n', 5);
INSERT INTO `householdfood_waste` VALUES (653, '火腿\n', 5);
INSERT INTO `householdfood_waste` VALUES (654, '乳制品\n', 5);
INSERT INTO `householdfood_waste` VALUES (655, '瓜皮果壳\n', 5);
INSERT INTO `householdfood_waste` VALUES (656, '花卉绿植\n', 5);
INSERT INTO `householdfood_waste` VALUES (657, '蕃茄酱\n', 5);
INSERT INTO `householdfood_waste` VALUES (658, '腐烂蔬菜\n', 5);
INSERT INTO `householdfood_waste` VALUES (659, '蔬菜皮\n', 5);
INSERT INTO `householdfood_waste` VALUES (660, '蔬菜瓜果皮\n', 5);
INSERT INTO `householdfood_waste` VALUES (661, '瓜皮果皮\n', 5);
INSERT INTO `householdfood_waste` VALUES (662, '烂蔬菜\n', 5);
INSERT INTO `householdfood_waste` VALUES (663, '厨余果皮\n', 5);
INSERT INTO `householdfood_waste` VALUES (664, '蔬菜茎叶\n', 5);
INSERT INTO `householdfood_waste` VALUES (665, '蔬菜果皮\n', 5);
INSERT INTO `householdfood_waste` VALUES (666, '柚子果肉\n', 5);
INSERT INTO `householdfood_waste` VALUES (667, '废弃的树叶\n', 5);
INSERT INTO `householdfood_waste` VALUES (668, '废树叶\n', 5);
INSERT INTO `householdfood_waste` VALUES (669, '废弃树叶\n', 5);
INSERT INTO `householdfood_waste` VALUES (670, '家庭盆栽废弃的树叶\n', 5);
INSERT INTO `householdfood_waste` VALUES (671, '盆栽的废弃树叶\n', 5);
INSERT INTO `householdfood_waste` VALUES (672, '花草树叶\n', 5);
INSERT INTO `householdfood_waste` VALUES (673, '家庭盆栽树叶\n', 5);
INSERT INTO `householdfood_waste` VALUES (674, '烂树叶\n', 5);
INSERT INTO `householdfood_waste` VALUES (675, '盆栽废弃树叶\n', 5);
INSERT INTO `householdfood_waste` VALUES (676, '熟玉米棒\n', 5);
INSERT INTO `householdfood_waste` VALUES (677, '玉米杆\n', 5);
INSERT INTO `householdfood_waste` VALUES (678, '玉米穗\n', 5);
INSERT INTO `householdfood_waste` VALUES (679, '玉米心\n', 5);
INSERT INTO `householdfood_waste` VALUES (680, '死掉的多肉植物\n', 5);
INSERT INTO `householdfood_waste` VALUES (681, '植物\n', 5);
INSERT INTO `householdfood_waste` VALUES (682, '生鸡\n', 5);
INSERT INTO `householdfood_waste` VALUES (683, '鸡翅膀\n', 5);
INSERT INTO `householdfood_waste` VALUES (684, '鸡翅膀的骨头\n', 5);
INSERT INTO `householdfood_waste` VALUES (685, '鸡骨棒\n', 5);
INSERT INTO `householdfood_waste` VALUES (686, '鸡骨架\n', 5);
INSERT INTO `householdfood_waste` VALUES (687, '香瓜子壳\n', 5);
INSERT INTO `householdfood_waste` VALUES (688, '瓜皮\n', 5);
INSERT INTO `householdfood_waste` VALUES (689, '烂菜叶\n', 5);
INSERT INTO `householdfood_waste` VALUES (690, '芹菜叶\n', 5);
INSERT INTO `householdfood_waste` VALUES (691, '蔬菜叶\n', 5);
INSERT INTO `householdfood_waste` VALUES (692, '烂叶子\n', 5);
INSERT INTO `householdfood_waste` VALUES (693, '植物叶子\n', 5);
INSERT INTO `householdfood_waste` VALUES (694, '火锅\n', 5);
INSERT INTO `householdfood_waste` VALUES (695, '药渣\n', 5);
INSERT INTO `householdfood_waste` VALUES (696, '中药\n', 5);
INSERT INTO `householdfood_waste` VALUES (697, '鸭血\n', 5);
INSERT INTO `householdfood_waste` VALUES (698, '鸡鸭鱼\n', 5);
INSERT INTO `householdfood_waste` VALUES (699, '鸭子\n', 5);
INSERT INTO `householdfood_waste` VALUES (700, '死鸭子\n', 5);
INSERT INTO `householdfood_waste` VALUES (701, '烂猪肉\n', 5);
INSERT INTO `householdfood_waste` VALUES (702, '手撕猪肉\n', 5);
INSERT INTO `householdfood_waste` VALUES (703, '内脏\n', 5);
INSERT INTO `householdfood_waste` VALUES (704, '鱼鳞鱼肠\n', 5);
INSERT INTO `householdfood_waste` VALUES (705, '黑猪\n', 5);
INSERT INTO `householdfood_waste` VALUES (706, '熟虾壳\n', 5);
INSERT INTO `householdfood_waste` VALUES (707, '生猪肉\n', 5);
INSERT INTO `householdfood_waste` VALUES (708, '虾仁壳\n', 5);
INSERT INTO `householdfood_waste` VALUES (709, '虾条\n', 5);
INSERT INTO `householdfood_waste` VALUES (710, '蟹虾壳\n', 5);
INSERT INTO `householdfood_waste` VALUES (711, '绿植\n', 5);
INSERT INTO `householdfood_waste` VALUES (712, '家庭花卉\n', 5);
INSERT INTO `householdfood_waste` VALUES (713, '树枝叶\n', 5);
INSERT INTO `householdfood_waste` VALUES (714, '带鱼骨头\n', 5);
INSERT INTO `householdfood_waste` VALUES (715, '桔子\n', 5);
INSERT INTO `householdfood_waste` VALUES (716, '饲料\n', 5);
INSERT INTO `householdfood_waste` VALUES (717, '废中药材\n', 5);
INSERT INTO `householdfood_waste` VALUES (718, '干红枣\n', 5);
INSERT INTO `householdfood_waste` VALUES (719, '桔\n', 5);
INSERT INTO `householdfood_waste` VALUES (720, '烂苹果\n', 5);
INSERT INTO `householdfood_waste` VALUES (721, '苹果果核\n', 5);
INSERT INTO `householdfood_waste` VALUES (722, '苹果屑\n', 5);
INSERT INTO `householdfood_waste` VALUES (723, '苹果壳\n', 5);
INSERT INTO `householdfood_waste` VALUES (724, '苹果杍\n', 5);
INSERT INTO `householdfood_waste` VALUES (725, '烂香蕉\n', 5);
INSERT INTO `householdfood_waste` VALUES (726, '香蕉片\n', 5);
INSERT INTO `householdfood_waste` VALUES (727, '吃剩下的葡萄杆\n', 5);
INSERT INTO `householdfood_waste` VALUES (728, '葡萄柄\n', 5);
INSERT INTO `householdfood_waste` VALUES (729, '葡萄藤\n', 5);
INSERT INTO `householdfood_waste` VALUES (730, '山竹皮\n', 5);
INSERT INTO `householdfood_waste` VALUES (731, '菠萝干\n', 5);
INSERT INTO `householdfood_waste` VALUES (732, '晒干的柚子皮\n', 5);
INSERT INTO `householdfood_waste` VALUES (733, '槟榔壳\n', 5);
INSERT INTO `householdfood_waste` VALUES (734, '牛油果壳\n', 5);
INSERT INTO `householdfood_waste` VALUES (735, '葱蒜\n', 5);
INSERT INTO `householdfood_waste` VALUES (736, '大蒜\n', 5);
INSERT INTO `householdfood_waste` VALUES (737, '马铃薯片\n', 5);
INSERT INTO `householdfood_waste` VALUES (738, '丝瓜瓤\n', 5);
INSERT INTO `householdfood_waste` VALUES (739, '球生菜\n', 5);
INSERT INTO `householdfood_waste` VALUES (740, '烂黄瓜\n', 5);
INSERT INTO `householdfood_waste` VALUES (741, '螃蟹肉\n', 5);
INSERT INTO `householdfood_waste` VALUES (742, '死螃蟹\n', 5);
INSERT INTO `householdfood_waste` VALUES (743, '蟹\n', 5);
INSERT INTO `householdfood_waste` VALUES (744, '蟹壳\n', 5);
INSERT INTO `householdfood_waste` VALUES (745, '三文鱼片\n', 5);
INSERT INTO `householdfood_waste` VALUES (746, '绿豆芽\n', 5);
INSERT INTO `householdfood_waste` VALUES (747, '过期芝麻酱\n', 5);
INSERT INTO `householdfood_waste` VALUES (748, '炒板栗\n', 5);
INSERT INTO `householdfood_waste` VALUES (749, '盆栽\n', 5);
INSERT INTO `householdfood_waste` VALUES (750, '毛毛虫\n', 5);
INSERT INTO `householdfood_waste` VALUES (751, '死昆虫\n', 5);
INSERT INTO `householdfood_waste` VALUES (752, '盆栽树叶\n', 5);
INSERT INTO `householdfood_waste` VALUES (753, '饭菜\n', 5);
INSERT INTO `householdfood_waste` VALUES (754, '饭汁\n', 5);
INSERT INTO `householdfood_waste` VALUES (755, '馊饭\n', 5);
INSERT INTO `householdfood_waste` VALUES (756, '废植物\n', 5);
INSERT INTO `householdfood_waste` VALUES (757, '盆栽植物\n', 5);
INSERT INTO `householdfood_waste` VALUES (758, '水培植物\n', 5);
INSERT INTO `householdfood_waste` VALUES (759, '死掉的植物\n', 5);
INSERT INTO `householdfood_waste` VALUES (760, '粽子\n', 5);
INSERT INTO `householdfood_waste` VALUES (761, '剩饭剩菜\n', 5);
INSERT INTO `householdfood_waste` VALUES (762, '火锅蘸酱\n', 5);
INSERT INTO `householdfood_waste` VALUES (763, '干药渣\n', 5);
INSERT INTO `householdfood_waste` VALUES (764, '中药渣渣\n', 5);
INSERT INTO `householdfood_waste` VALUES (765, '剩饭菜\n', 5);
INSERT INTO `householdfood_waste` VALUES (766, '残渣剩饭\n', 5);
INSERT INTO `householdfood_waste` VALUES (767, '中药残渣\n', 5);
INSERT INTO `householdfood_waste` VALUES (768, '中药药材\n', 5);
INSERT INTO `householdfood_waste` VALUES (769, '鸡鸭骨头\n', 5);
INSERT INTO `householdfood_waste` VALUES (770, '动物废弃内脏\n', 5);
INSERT INTO `householdfood_waste` VALUES (771, '家禽内脏\n', 5);
INSERT INTO `householdfood_waste` VALUES (772, '鲜虾条\n', 5);
INSERT INTO `householdfood_waste` VALUES (773, '干药材\n', 5);
INSERT INTO `householdfood_waste` VALUES (774, '鱼的内脏\n', 5);
INSERT INTO `householdfood_waste` VALUES (775, '猫饲料\n', 5);
INSERT INTO `householdfood_waste` VALUES (776, '冬枣核\n', 5);
INSERT INTO `householdfood_waste` VALUES (777, '果核\n', 5);
INSERT INTO `householdfood_waste` VALUES (778, '干蟹壳\n', 5);
INSERT INTO `householdfood_waste` VALUES (779, '雪蟹蟹壳\n', 5);
INSERT INTO `householdfood_waste` VALUES (780, '扇贝\n', 5);
INSERT INTO `householdfood_waste` VALUES (781, '月饼\n', 5);
INSERT INTO `householdfood_waste` VALUES (782, '饭菜渣\n', 5);
INSERT INTO `householdfood_waste` VALUES (783, '剩余饭菜\n', 5);
INSERT INTO `householdfood_waste` VALUES (784, '青菜皮\n', 5);
INSERT INTO `householdfood_waste` VALUES (785, '长生果\n', 5);
INSERT INTO `householdfood_waste` VALUES (786, '干果\n', 5);
INSERT INTO `householdfood_waste` VALUES (787, '小金鱼\n', 5);
INSERT INTO `householdfood_waste` VALUES (788, '青菜杆\n', 5);
INSERT INTO `householdfood_waste` VALUES (789, '鸡腿骨头\n', 5);
INSERT INTO `householdfood_waste` VALUES (790, '干树枝\n', 5);
INSERT INTO `householdfood_waste` VALUES (791, '枯树枝\n', 5);
INSERT INTO `householdfood_waste` VALUES (792, '废弃的树枝\n', 5);
INSERT INTO `householdfood_waste` VALUES (793, '牛排骨\n', 5);
INSERT INTO `householdfood_waste` VALUES (794, '猪排骨\n', 5);
INSERT INTO `householdfood_waste` VALUES (795, '小排骨头\n', 5);
INSERT INTO `householdfood_waste` VALUES (796, '排骨的骨头\n', 5);
INSERT INTO `householdfood_waste` VALUES (797, '菜渣\n', 5);
INSERT INTO `householdfood_waste` VALUES (798, '鲜肉月饼\n', 5);
INSERT INTO `householdfood_waste` VALUES (799, '小排\n', 5);
INSERT INTO `householdfood_waste` VALUES (800, '炸鸡腿\n', 5);
INSERT INTO `householdfood_waste` VALUES (801, '马肉\n', 5);
INSERT INTO `householdfood_waste` VALUES (802, '鱼干\n', 5);
INSERT INTO `householdfood_waste` VALUES (803, '桂圆\n', 5);
INSERT INTO `householdfood_waste` VALUES (804, '肋排\n', 5);
INSERT INTO `householdfood_waste` VALUES (805, '奶片\n', 5);
INSERT INTO `householdfood_waste` VALUES (806, '番薯\n', 5);
INSERT INTO `householdfood_waste` VALUES (807, '莲雾\n', 5);
INSERT INTO `householdfood_waste` VALUES (808, '牛杂\n', 5);
INSERT INTO `householdfood_waste` VALUES (809, '馄饨\n', 5);
INSERT INTO `householdfood_waste` VALUES (810, '水饺\n', 5);
INSERT INTO `householdfood_waste` VALUES (811, '干货\n', 5);
INSERT INTO `householdfood_waste` VALUES (812, '糕点\n', 5);
INSERT INTO `householdfood_waste` VALUES (813, '牛尾\n', 5);
INSERT INTO `householdfood_waste` VALUES (814, '海鲜\n', 5);
INSERT INTO `householdfood_waste` VALUES (815, '调味品\n', 5);
INSERT INTO `householdfood_waste` VALUES (816, '榴莲干\n', 5);
INSERT INTO `householdfood_waste` VALUES (817, '琼脂\n', 5);
INSERT INTO `householdfood_waste` VALUES (818, '鸡胸\n', 5);
INSERT INTO `householdfood_waste` VALUES (819, '粮食\n', 5);
INSERT INTO `householdfood_waste` VALUES (820, '猪头肉\n', 5);
INSERT INTO `householdfood_waste` VALUES (821, '枯萎的鲜花\n', 5);
INSERT INTO `householdfood_waste` VALUES (822, '西洋参\n', 5);
INSERT INTO `householdfood_waste` VALUES (823, '猪油\n', 5);
INSERT INTO `householdfood_waste` VALUES (824, '落花生\n', 5);
INSERT INTO `householdfood_waste` VALUES (825, '橘皮\n', 5);
INSERT INTO `householdfood_waste` VALUES (826, '菜椒\n', 5);
INSERT INTO `householdfood_waste` VALUES (827, '猪脚\n', 5);
INSERT INTO `householdfood_waste` VALUES (828, '猪脑\n', 5);
INSERT INTO `householdfood_waste` VALUES (829, '珍珠米\n', 5);
INSERT INTO `householdfood_waste` VALUES (830, '枇杷叶\n', 5);
INSERT INTO `householdfood_waste` VALUES (831, '麦子\n', 5);
INSERT INTO `householdfood_waste` VALUES (832, '小麦粉\n', 5);
INSERT INTO `householdfood_waste` VALUES (833, '大猪蹄子\n', 5);
INSERT INTO `householdfood_waste` VALUES (834, '猪蹄子\n', 5);
INSERT INTO `householdfood_waste` VALUES (835, '鸡爪\n', 5);
INSERT INTO `householdfood_waste` VALUES (836, '桂圆干壳\n', 5);
INSERT INTO `householdfood_waste` VALUES (837, '桂圆皮\n', 5);
INSERT INTO `householdfood_waste` VALUES (838, '过期糕点\n', 5);
INSERT INTO `householdfood_waste` VALUES (839, '宠物粮食\n', 5);
INSERT INTO `householdfood_waste` VALUES (840, '过期的粮食\n', 5);
INSERT INTO `householdfood_waste` VALUES (841, '糖炒栗子\n', 5);
INSERT INTO `householdfood_waste` VALUES (842, '泡过的枸杞子\n', 5);
INSERT INTO `householdfood_waste` VALUES (843, '牛蛙骨头\n', 5);
INSERT INTO `householdfood_waste` VALUES (844, '干橘子皮\n', 5);
INSERT INTO `householdfood_waste` VALUES (845, '黑胡椒粉\n', 5);
INSERT INTO `householdfood_waste` VALUES (846, '可丽饼\n', 5);
INSERT INTO `householdfood_waste` VALUES (847, '走油肉\n', 5);
INSERT INTO `householdfood_waste` VALUES (848, '生巧克力\n', 5);
INSERT INTO `householdfood_waste` VALUES (849, '黄泥螺壳\n', 5);
INSERT INTO `householdfood_waste` VALUES (850, '剩饭\n', 5);
INSERT INTO `householdfood_waste` VALUES (851, '兔头\n', 5);
INSERT INTO `householdfood_waste` VALUES (852, '花朵\n', 5);
INSERT INTO `householdfood_waste` VALUES (853, '宽粉\n', 5);
INSERT INTO `householdfood_waste` VALUES (854, '玉米棒子\n', 5);
INSERT INTO `householdfood_waste` VALUES (855, '糟毛豆壳\n', 5);
INSERT INTO `householdfood_waste` VALUES (856, '甜甜圈\n', 5);
INSERT INTO `householdfood_waste` VALUES (857, '干茶叶\n', 5);
INSERT INTO `householdfood_waste` VALUES (858, '菜\n', 5);
INSERT INTO `householdfood_waste` VALUES (859, '橙\n', 5);
INSERT INTO `householdfood_waste` VALUES (860, '喝过的茶叶\n', 5);
INSERT INTO `householdfood_waste` VALUES (861, '牡蛎肉\n', 5);
INSERT INTO `householdfood_waste` VALUES (862, '花螺肉\n', 5);
INSERT INTO `householdfood_waste` VALUES (863, '死蟑螂\n', 5);
INSERT INTO `householdfood_waste` VALUES (864, '死老鼠\n', 5);
INSERT INTO `householdfood_waste` VALUES (865, '花螺\n', 5);
INSERT INTO `householdfood_waste` VALUES (866, '大龙虾\n', 5);
INSERT INTO `householdfood_waste` VALUES (867, '冰淇淋盒子\n', 5);
INSERT INTO `householdfood_waste` VALUES (868, '茶叶蛋料包\n', 5);
INSERT INTO `householdfood_waste` VALUES (869, '爆米花桶\n', 5);
INSERT INTO `householdfood_waste` VALUES (870, '青蟹\n', 5);
INSERT INTO `householdfood_waste` VALUES (871, '方便面料包\n', 5);
INSERT INTO `householdfood_waste` VALUES (872, '田螺\n', 5);
INSERT INTO `householdfood_waste` VALUES (873, '蛤蜊\n', 5);
INSERT INTO `householdfood_waste` VALUES (874, '蛏子\n', 5);
INSERT INTO `householdfood_waste` VALUES (875, '大螃蟹壳\n', 5);
INSERT INTO `householdfood_waste` VALUES (876, '火锅底料包装\n', 5);
INSERT INTO `householdfood_waste` VALUES (877, '咖啡包\n', 5);
INSERT INTO `householdfood_waste` VALUES (878, '干拌面盒子\n', 5);
INSERT INTO `householdfood_waste` VALUES (879, '八宝粥罐\n', 5);
INSERT INTO `householdfood_waste` VALUES (880, '巧克力礼盒包装\n', 5);
INSERT INTO `householdfood_waste` VALUES (881, '巧克力酱瓶\n', 5);
INSERT INTO `householdfood_waste` VALUES (882, '葡萄籽片\n', 5);

-- ----------------------------
-- Table structure for judgequestion
-- ----------------------------
DROP TABLE IF EXISTS `judgequestion`;
CREATE TABLE `judgequestion`  (
  `subject` varchar(20) CHARACTER SET utf8 COLLATE utf8_bin NULL DEFAULT NULL COMMENT '考试科目',
  `questionId` int(9) NOT NULL AUTO_INCREMENT COMMENT '试题编号',
  `question` varchar(255) CHARACTER SET utf8 COLLATE utf8_bin NULL DEFAULT NULL COMMENT '试题内容',
  `answer` varchar(255) CHARACTER SET utf8 COLLATE utf8_bin NULL DEFAULT NULL COMMENT '正确答案',
  `score` int(2) NULL DEFAULT NULL COMMENT '分数',
  `level` varchar(1) CHARACTER SET utf8 COLLATE utf8_bin NULL DEFAULT NULL COMMENT '难度等级',
  `section` varchar(20) CHARACTER SET utf8 COLLATE utf8_bin NULL DEFAULT NULL COMMENT '所属章节',
  `analysis` varchar(255) CHARACTER SET utf8 COLLATE utf8_bin NULL DEFAULT NULL COMMENT '答案解析',
  PRIMARY KEY (`questionId`) USING BTREE
) ENGINE = InnoDB AUTO_INCREMENT = 10014 CHARACTER SET = utf8 COLLATE = utf8_bin COMMENT = '判断题题库表' ROW_FORMAT = Dynamic;

-- ----------------------------
-- Records of judgequestion
-- ----------------------------
INSERT INTO `judgequestion` VALUES ('计算机网络', 10001, '与有线网相比,无线网的数据传输率一般相对较慢', 'T', 2, '1', '', NULL);
INSERT INTO `judgequestion` VALUES ('计算机网络', 10002, 'OSI参考模型中,不同节点的同等层具有不同的功能', 'F', 2, '1', NULL, NULL);
INSERT INTO `judgequestion` VALUES ('计算机网络', 10003, '普通电脑不能作为服务器', 'F', 2, '1', NULL, NULL);
INSERT INTO `judgequestion` VALUES ('计算机网络', 10004, '没有网线的电脑不能连入互联网', 'F', 2, '1', NULL, NULL);
INSERT INTO `judgequestion` VALUES ('计算机网络', 10005, '网卡必须安装驱动程序', 'T', 2, '2', NULL, NULL);
INSERT INTO `judgequestion` VALUES ('计算机网络', 10006, 'UTP为屏蔽双绞线', 'F', 2, '2', NULL, NULL);
INSERT INTO `judgequestion` VALUES ('计算机网络', 10007, '网络接口卡又称为网卡,它是构成网络的基本部件', 'T', 2, '2', NULL, NULL);
INSERT INTO `judgequestion` VALUES ('计算机网络', 10008, '无线AP可以成倍地扩展网络覆盖范围', 'T', 2, '3', NULL, NULL);
INSERT INTO `judgequestion` VALUES ('计算机网络', 10009, 'SMTP是一组用于由源地址到目的地址传送邮件的协议', 'T', 2, '4', NULL, NULL);
INSERT INTO `judgequestion` VALUES ('计算机网络', 10010, '任务管理器可以关闭所有的进程', 'F', 2, '3', NULL, NULL);
INSERT INTO `judgequestion` VALUES ('计算机网络', 10011, '利用BT下载时,用户越多,下载速度越快', 'T', 2, '2', NULL, NULL);
INSERT INTO `judgequestion` VALUES ('计算机网络', 10012, 'INTERNET上向朋友发送电子邮件,必须知道对方的真实姓名和家庭住址', 'F', 2, '1', NULL, NULL);
INSERT INTO `judgequestion` VALUES ('垃圾分类', 10014, '侯杰红是男的。', 'F', NULL, '2', '', '');

-- ----------------------------
-- Table structure for message
-- ----------------------------
DROP TABLE IF EXISTS `message`;
CREATE TABLE `message`  (
  `messageId` int(9) NOT NULL AUTO_INCREMENT COMMENT '留言编号',
  `title` varchar(20) CHARACTER SET utf8 COLLATE utf8_bin NULL DEFAULT NULL COMMENT '标题',
  `content` varchar(255) CHARACTER SET utf8 COLLATE utf8_bin NULL DEFAULT NULL COMMENT '留言内容',
  `time` datetime(0) NULL DEFAULT NULL ON UPDATE CURRENT_TIMESTAMP(0) COMMENT '留言时间',
  PRIMARY KEY (`messageId`) USING BTREE
) ENGINE = InnoDB CHARACTER SET = utf8 COLLATE = utf8_bin COMMENT = '留言表' ROW_FORMAT = Dynamic;

-- ----------------------------
-- Table structure for multiquestion
-- ----------------------------
DROP TABLE IF EXISTS `multiquestion`;
CREATE TABLE `multiquestion`  (
  `questionId` int(9) NOT NULL AUTO_INCREMENT COMMENT '试题编号',
  `subject` varchar(20) CHARACTER SET utf8 COLLATE utf8_bin NULL DEFAULT NULL COMMENT '考试科目',
  `question` varchar(255) CHARACTER SET utf8 COLLATE utf8_bin NULL DEFAULT NULL COMMENT '问题题目',
  `answerA` varchar(255) CHARACTER SET utf8 COLLATE utf8_bin NULL DEFAULT NULL COMMENT '选项A',
  `answerB` varchar(255) CHARACTER SET utf8 COLLATE utf8_bin NULL DEFAULT NULL COMMENT '选项B',
  `answerC` varchar(255) CHARACTER SET utf8 COLLATE utf8_bin NULL DEFAULT NULL COMMENT '选项C',
  `answerD` varchar(255) CHARACTER SET utf8 COLLATE utf8_bin NULL DEFAULT NULL COMMENT '选项D',
  `rightAnswer` varchar(10) CHARACTER SET utf8 COLLATE utf8_bin NULL DEFAULT NULL COMMENT '正确答案',
  `score` int(2) NULL DEFAULT NULL COMMENT '分数',
  `section` varchar(20) CHARACTER SET utf8 COLLATE utf8_bin NULL DEFAULT NULL COMMENT '所属章节',
  `level` varchar(1) CHARACTER SET utf8 COLLATE utf8_bin NULL DEFAULT NULL COMMENT '难度等级',
  `analysis` varchar(255) CHARACTER SET utf8 COLLATE utf8_bin NULL DEFAULT NULL COMMENT '答案解析',
  PRIMARY KEY (`questionId`) USING BTREE
) ENGINE = InnoDB AUTO_INCREMENT = 10035 CHARACTER SET = utf8 COLLATE = utf8_bin COMMENT = '选择题题库表' ROW_FORMAT = Dynamic;

-- ----------------------------
-- Records of multiquestion
-- ----------------------------
INSERT INTO `multiquestion` VALUES (10000, '计算机网络', 'DNS 服务器和DHCP服务器的作用是（）', '将IP地址翻译为计算机名，为客户机分配IP地址', '将IP地址翻译为计算机名、解析计算机的MAC地址', '将计算机名翻译为IP地址、为客户机分配IP地址', '将计算机名翻译为IP地址、解析计算机的MAC地址', 'C', 2, '应用层', '2', NULL);
INSERT INTO `multiquestion` VALUES (10001, '计算机网络', 'HTTP协议通常使用什么协议进行传输（）', 'ARP', 'DHCP', 'UDP', 'TCP', 'D', 2, '应用层', '2', NULL);
INSERT INTO `multiquestion` VALUES (10003, '计算机网络', '查看DNS缓存记录的命令（）', 'ipconfig/displaydns', 'nslookup', 'ipconfig/release', 'ipconfig/flushdns', 'A', 2, '应用层', '3', NULL);
INSERT INTO `multiquestion` VALUES (10004, '计算机网络', 'DHCP(        )报文的目的IP地址为255.255.255.255', 'DhcpDisover', 'DhcpOffer', 'DhcpAck', 'DhcpNack', 'A', 2, '应用层', '2', NULL);
INSERT INTO `multiquestion` VALUES (10005, '计算机网络', '下列地址中，（  ）不是DHCP服务器分配的IP地址', '196.254.109.100', '169.254.12.42', '69.254.48.45', '96.254.54.15', 'B', 2, '应用层', '2', NULL);
INSERT INTO `multiquestion` VALUES (10006, '计算机网络', 'DHCP通常可以为客户端自动配置哪些网络参数（）', 'IP，掩码，网关，DNS', 'IP，掩码，域名，SMTP', '网关，掩码，浏览器，FTP', 'IP，网关，DNS，服务器', 'A', 2, '应用层', '2', NULL);
INSERT INTO `multiquestion` VALUES (10007, '计算机网络', 'DNS服务器在名称解析过程中正确的查询顺序为（）', '本地缓存记录→区域记录→转发域名服务器→根域名服务器', '区域记录→本地缓存记录→转发域名服务器→根域名服务器', '本地缓存记录→区域记录→根域名服务器→转发域名服务器', '区域记录→本地缓存记录→根域名服务器→转发域名服务器', 'A', 2, '应用层', '3', NULL);
INSERT INTO `multiquestion` VALUES (10008, '计算机网络', '在TCP/IP协议中，序号小于（  ）的端口称为熟知端口(well-known port)。', '1024', '64', '256', '128', 'A', 2, '传输层', '1', NULL);
INSERT INTO `multiquestion` VALUES (10009, '计算机网络', '在Internet上用TCP/IP播放视频，想用传输层的最快协议，以减少时延，要使用（ ）', 'UDP协议的低开销特性', 'UDP协议的高开销特性', 'TCP协议的低开销特性', 'TCP协议的高开销特性', 'A', 2, '传输层', '2', NULL);
INSERT INTO `multiquestion` VALUES (10010, '计算机网络', '在TCP协议中采用（ ）来区分不同的应用进程', '端口号', 'IP地址', '协议类型', 'MAC地址', 'A', 2, '传输层', '3', NULL);
INSERT INTO `multiquestion` VALUES (10011, '计算机网络', '可靠的传输协议中的“可靠”指的是（ ）', '使用面向连接的会话', '使用“尽力而为”的传输', '使用滑动窗口来维持可靠性', '使用确认重传机制来确保传输的数据不丢失', 'D', 2, '传输层', '2', NULL);
INSERT INTO `multiquestion` VALUES (10012, '计算机网络', '假设拥塞窗口为50KB，接收窗口为80KB，TCP能够发送的最大字节数为（ ）', '50KB', '80KB', '130KB', '30KB', 'A', 2, '传输层', '4', NULL);
INSERT INTO `multiquestion` VALUES (10013, '计算机网络', '主机A向主机B发送一个（SYN=1，seq=2000）的TCP报文，期望与主机B建立连接，若主机B接受连接请求，则主机B发送的正确有TCP报文可能是（ ）', '（SYN=0,ACK=0,seq=2001,ack=2001）', '（SYN=1,ACK=1,seq=2000,ack=2000）', '•	C.（SYN=1,ACK=1,seq=2001,ack=2001）', '（SYN=0,ACK=1,seq=2000,ack=2000）', 'C', 2, '传输层', '2', NULL);
INSERT INTO `multiquestion` VALUES (10014, '计算机网络', '主机A向主机B连续发送了两个TCP报文段，其序号分别为70和100。试问： （1）第一个报文段携带了（）个字节的数据？', ' 70', '30', '100', '170', 'B', 2, '传输层', '3', NULL);
INSERT INTO `multiquestion` VALUES (10015, '计算机网络', 'PCM脉码调制的过程（ ）', '采样、量化、编码', '量化、编码、采样', '编码、量化、采样', '采样、编码、量化', 'A', 2, '物理层', '4', NULL);
INSERT INTO `multiquestion` VALUES (10016, '计算机网络', '若某采用4相位调制的通信链路的数据传输速率为2400bps，则该链路的波特率为（）', '600Baud', '1200Baud', '4800Baud', '9600Baud', 'B', 2, '物理层', '1', NULL);
INSERT INTO `multiquestion` VALUES (10017, '计算机网络', '以下关于数据传输速率的描述中，错误的是( )', '数据传输速率表示每秒钟传输构成数据代码的二进制比特数', '对于二进制数据，数据传输速率为S=1/T (bps)', '常用的数据传输速率单位有: 1Mbps=1.024×106bps', '数据传输速率是描述数据传输系统性能的重要技术指标之一', 'C', 2, '物理层', '2', NULL);
INSERT INTO `multiquestion` VALUES (10018, '计算机网络', '以下关于时分多路复用概念的描述中，错误的是.(  ).', '时分多路复用将线路使用的时间分成多个时间片', '时分多路复用分为同步时分多路复用与统计时分多路复用', '时分多路复用使用“帧”与数据链路层“帧”的概念、作用是不同的', '统计时分多路复用将时间片预先分配给各个信道', 'D', 2, '物理层', '2', NULL);
INSERT INTO `multiquestion` VALUES (10019, '计算机网络', '1000BASE-T标准支持的传输介质是（）', '双绞线', '同轴电缆', '光纤', '无线电', 'A', 2, '物理层', '1', NULL);
INSERT INTO `multiquestion` VALUES (10020, '计算机网络', '一个以太网交换机，读取整个数据帧，对数据帧进行差错校验后再转发出去，这种交换方式称为 （）', '直通交换', '无碎片交换', '无差错交换', '存储转发交换', 'D', 2, '数据链路层', '2', NULL);
INSERT INTO `multiquestion` VALUES (10021, '计算机网络', '关于VLAN，下面的描述中正确的是（）', '一个新的交换机没有配置VLAN', '通过配置VLAN减少了冲突域的数量', '一个VLAN不能跨越多个交换机', '各个VLAN属于不同的广播域', 'D', 2, '数据链路层', '2', NULL);
INSERT INTO `multiquestion` VALUES (10022, '计算机网络', '以太网协议中使用物理地址作用是什么？', '.用于不同子网中的主机进行通信', '作为第二层设备的唯一标识', '用于区别第二层第三层的协议数据单元', '保存主机可检测未知的远程设备', 'B', 2, '数据链路层', '2', NULL);
INSERT INTO `multiquestion` VALUES (10023, '计算机网络', '以太网采用的CSMA/CD协议，当冲突发生时要通过二进制指数后退算法计算后退延时， 关于这个算法，以下论述中错误的是 （）', '冲突次数越多，后退的时间越短', '平均后退次数的多少与负载大小有关', '后退时延的平均值与负载大小有关', '重发次数达到一定极限后放弃发送', 'A', 2, '数据链路层', '3', NULL);
INSERT INTO `multiquestion` VALUES (10024, '计算机网络', '以下关于交换机获取与其端口连接设备的MAC地址的叙述中，正确的是（）', '交换机从路由表中提取设备的MAC地址', '交换机检查端口流入分组的源地址', '交换机之间互相交换地址表', '网络管理员手工输入设备的MAC地址', 'B', 2, '数据链路层', '2', NULL);
INSERT INTO `multiquestion` VALUES (10025, '计算机网络', '如果G (x）为11010010，以下4个CRC校验比特序列中只有哪个可能是正确的 ？', '1101011001', '101011011', '11011011', '1011001', 'B', 2, '数据链路层', '1', NULL);
INSERT INTO `multiquestion` VALUES (10026, '计算机网络', '以下关于Ethernet物理地址的描述中，错误的是', 'Ethernet物理地址又叫做MAC地址', '48位的Ethernet物理地址允许分配的地址数达到247个', '网卡的物理地址写入主机的EPROM中', '每一块网卡的物理地址在全世界是唯一的', 'C', 2, '数据链路层', '3', NULL);
INSERT INTO `multiquestion` VALUES (10027, '计算机网络', '下列帧类型中，不属于HDLC帧类型的是（）', '信息帧', '确认帧', '监控帧', '无编号帧', 'B', 2, '数据链路层', '1', NULL);
INSERT INTO `multiquestion` VALUES (10028, '计算机网络', '通过交换机连接的一组站点，关于它们的广播域和冲突域说法正确的是（）', '组成一个冲突域，但不是一个广播域', '组成一个广播域，但不是一个冲突域', '组成一个冲突域，也是一个广播域', '既不一个冲突域，也不是一个广播域', 'B', 2, '数据链路层', '3', NULL);
INSERT INTO `multiquestion` VALUES (10029, '计算机网络', '数据链路层的数据单位是（）', '帧', '字节', '比特', '分组', 'A', 2, '数据链路层', '1', NULL);
INSERT INTO `multiquestion` VALUES (10030, '计算机网络', 'LAN参考模型可分为物理层、（ ）', 'MAC，LLC等三层', 'LLC，MHS等三层', 'MAC，FTAM等三层', 'LLC，VT等三层', 'A', 2, '数据链路层', '3', NULL);
INSERT INTO `multiquestion` VALUES (10033, '垃圾分类', '侯杰红的年龄（）', '18', '19', '20', '21', 'D', NULL, '', '2', '');
INSERT INTO `multiquestion` VALUES (10034, '垃圾分类', '侯杰红（）', '111', '222', '333', '444', 'D', NULL, '', '2', '');
INSERT INTO `multiquestion` VALUES (10035, '垃圾分类', '侯荣亮（）', '啊', '吧', '从', '的', 'D', 2, '', '2', '');

-- ----------------------------
-- Table structure for papermanage
-- ----------------------------
DROP TABLE IF EXISTS `papermanage`;
CREATE TABLE `papermanage`  (
  `paperId` int(9) NULL DEFAULT NULL COMMENT '试卷编号',
  `questionType` int(1) NULL DEFAULT NULL COMMENT '题目类型',
  `questionId` int(9) NULL DEFAULT NULL COMMENT '题目编号'
) ENGINE = InnoDB CHARACTER SET = utf8 COLLATE = utf8_bin COMMENT = '试卷管理表' ROW_FORMAT = Dynamic;

-- ----------------------------
-- Records of papermanage
-- ----------------------------
INSERT INTO `papermanage` VALUES (1001, 1, 10000);
INSERT INTO `papermanage` VALUES (1001, 1, 10001);
INSERT INTO `papermanage` VALUES (1001, 1, 10003);
INSERT INTO `papermanage` VALUES (1001, 1, 10004);
INSERT INTO `papermanage` VALUES (1001, 1, 10006);
INSERT INTO `papermanage` VALUES (1001, 1, 10007);
INSERT INTO `papermanage` VALUES (1001, 1, 10009);
INSERT INTO `papermanage` VALUES (1001, 1, 10010);
INSERT INTO `papermanage` VALUES (1001, 1, 10011);
INSERT INTO `papermanage` VALUES (1001, 1, 10012);
INSERT INTO `papermanage` VALUES (1001, 1, 10015);
INSERT INTO `papermanage` VALUES (1001, 1, 10017);
INSERT INTO `papermanage` VALUES (1001, 1, 10018);
INSERT INTO `papermanage` VALUES (1001, 1, 10020);
INSERT INTO `papermanage` VALUES (1001, 1, 10021);
INSERT INTO `papermanage` VALUES (1001, 1, 10022);
INSERT INTO `papermanage` VALUES (1001, 1, 10023);
INSERT INTO `papermanage` VALUES (1001, 1, 10025);
INSERT INTO `papermanage` VALUES (1001, 1, 10027);
INSERT INTO `papermanage` VALUES (1001, 1, 10029);
INSERT INTO `papermanage` VALUES (1001, 2, 10000);
INSERT INTO `papermanage` VALUES (1001, 2, 10001);
INSERT INTO `papermanage` VALUES (1001, 2, 10002);
INSERT INTO `papermanage` VALUES (1001, 2, 10003);
INSERT INTO `papermanage` VALUES (1001, 2, 10005);
INSERT INTO `papermanage` VALUES (1001, 2, 10007);
INSERT INTO `papermanage` VALUES (1001, 2, 10009);
INSERT INTO `papermanage` VALUES (1001, 2, 10010);
INSERT INTO `papermanage` VALUES (1001, 2, 10011);
INSERT INTO `papermanage` VALUES (1001, 2, 10013);
INSERT INTO `papermanage` VALUES (1001, 2, 10014);
INSERT INTO `papermanage` VALUES (1001, 2, 10016);
INSERT INTO `papermanage` VALUES (1001, 2, 10019);
INSERT INTO `papermanage` VALUES (1001, 2, 10020);
INSERT INTO `papermanage` VALUES (1001, 2, 10021);
INSERT INTO `papermanage` VALUES (1001, 2, 10022);
INSERT INTO `papermanage` VALUES (1001, 2, 10025);
INSERT INTO `papermanage` VALUES (1001, 2, 10026);
INSERT INTO `papermanage` VALUES (1001, 2, 10028);
INSERT INTO `papermanage` VALUES (1001, 3, 10001);
INSERT INTO `papermanage` VALUES (1001, 3, 10002);
INSERT INTO `papermanage` VALUES (1001, 3, 10003);
INSERT INTO `papermanage` VALUES (1001, 3, 10004);
INSERT INTO `papermanage` VALUES (1001, 3, 10005);
INSERT INTO `papermanage` VALUES (1001, 3, 10006);
INSERT INTO `papermanage` VALUES (1001, 3, 10007);
INSERT INTO `papermanage` VALUES (1001, 3, 10008);
INSERT INTO `papermanage` VALUES (1001, 3, 10010);
INSERT INTO `papermanage` VALUES (1001, 3, 10011);
INSERT INTO `papermanage` VALUES (1001, 2, 10024);
INSERT INTO `papermanage` VALUES (1002, 3, 10013);
INSERT INTO `papermanage` VALUES (1002, 1, 10033);
INSERT INTO `papermanage` VALUES (1002, 2, 10030);
INSERT INTO `papermanage` VALUES (1002, 3, 10014);
INSERT INTO `papermanage` VALUES (1002, 1, 10034);
INSERT INTO `papermanage` VALUES (1002, 1, 10035);
INSERT INTO `papermanage` VALUES (1002, 2, 10031);

-- ----------------------------
-- Table structure for recyclable_waste
-- ----------------------------
DROP TABLE IF EXISTS `recyclable_waste`;
CREATE TABLE `recyclable_waste`  (
  `id` int(11) NOT NULL AUTO_INCREMENT,
  `recname` varchar(50) CHARACTER SET utf8 COLLATE utf8_general_ci NULL DEFAULT NULL,
  `sorted` int(3) NULL DEFAULT NULL,
  PRIMARY KEY (`id`) USING BTREE
) ENGINE = InnoDB CHARACTER SET = utf8 COLLATE = utf8_general_ci ROW_FORMAT = Dynamic;

-- ----------------------------
-- Records of recyclable_waste
-- ----------------------------
INSERT INTO `recyclable_waste` VALUES (1, '废弃食用油\n', 1);
INSERT INTO `recyclable_waste` VALUES (2, '吸管纸质包装\n', 1);
INSERT INTO `recyclable_waste` VALUES (3, '打印机墨盒\n', 1);
INSERT INTO `recyclable_waste` VALUES (4, '血压计\n', 1);
INSERT INTO `recyclable_waste` VALUES (5, '药水玻璃瓶\n', 1);
INSERT INTO `recyclable_waste` VALUES (6, 'CD\n', 1);
INSERT INTO `recyclable_waste` VALUES (7, '草稿纸\n', 1);
INSERT INTO `recyclable_waste` VALUES (8, '除湿盒\n', 1);
INSERT INTO `recyclable_waste` VALUES (9, '吊牌\n', 1);
INSERT INTO `recyclable_waste` VALUES (10, '电影票\n', 1);
INSERT INTO `recyclable_waste` VALUES (11, '风油精瓶\n', 1);
INSERT INTO `recyclable_waste` VALUES (12, '废纸\n', 1);
INSERT INTO `recyclable_waste` VALUES (13, '过期防晒霜\n', 1);
INSERT INTO `recyclable_waste` VALUES (14, '塑料拖鞋\n', 1);
INSERT INTO `recyclable_waste` VALUES (15, '明信片\n', 1);
INSERT INTO `recyclable_waste` VALUES (16, '奶茶塑料盖\n', 1);
INSERT INTO `recyclable_waste` VALUES (17, '奶茶塑料杯\n', 1);
INSERT INTO `recyclable_waste` VALUES (18, '啤酒瓶盖\n', 1);
INSERT INTO `recyclable_waste` VALUES (19, '泡沫盒子\n', 1);
INSERT INTO `recyclable_waste` VALUES (20, '肉类包装盒\n', 1);
INSERT INTO `recyclable_waste` VALUES (21, '蔬菜包装盒\n', 1);
INSERT INTO `recyclable_waste` VALUES (22, '收据\n', 1);
INSERT INTO `recyclable_waste` VALUES (23, '收银条\n', 1);
INSERT INTO `recyclable_waste` VALUES (24, '塑料盖子\n', 1);
INSERT INTO `recyclable_waste` VALUES (25, '塑料咖啡杯\n', 1);
INSERT INTO `recyclable_waste` VALUES (26, '塑料外卖盒\n', 1);
INSERT INTO `recyclable_waste` VALUES (27, '拖鞋\n', 1);
INSERT INTO `recyclable_waste` VALUES (28, '文件袋\n', 1);
INSERT INTO `recyclable_waste` VALUES (29, '纸\n', 1);
INSERT INTO `recyclable_waste` VALUES (30, '相册\n', 1);
INSERT INTO `recyclable_waste` VALUES (31, '小票\n', 1);
INSERT INTO `recyclable_waste` VALUES (32, '卸妆油瓶\n', 1);
INSERT INTO `recyclable_waste` VALUES (33, '脏玻璃瓶\n', 1);
INSERT INTO `recyclable_waste` VALUES (34, '脏牛奶盒\n', 1);
INSERT INTO `recyclable_waste` VALUES (35, '织物\n', 1);
INSERT INTO `recyclable_waste` VALUES (36, '纸质包装袋\n', 1);
INSERT INTO `recyclable_waste` VALUES (37, 'A4纸\n', 1);
INSERT INTO `recyclable_waste` VALUES (38, 'PET塑料瓶\n', 1);
INSERT INTO `recyclable_waste` VALUES (39, 'U盘\n', 1);
INSERT INTO `recyclable_waste` VALUES (40, '布包\n', 1);
INSERT INTO `recyclable_waste` VALUES (41, '被单\n', 1);
INSERT INTO `recyclable_waste` VALUES (42, '冰红茶利乐包装\n', 1);
INSERT INTO `recyclable_waste` VALUES (43, '笔记本电脑\n', 1);
INSERT INTO `recyclable_waste` VALUES (44, '布料\n', 1);
INSERT INTO `recyclable_waste` VALUES (45, '玻璃\n', 1);
INSERT INTO `recyclable_waste` VALUES (46, '玻璃杯\n', 1);
INSERT INTO `recyclable_waste` VALUES (47, '玻璃放大镜\n', 1);
INSERT INTO `recyclable_waste` VALUES (48, '玻璃锅盖\n', 1);
INSERT INTO `recyclable_waste` VALUES (49, '玻璃壶\n', 1);
INSERT INTO `recyclable_waste` VALUES (50, '玻璃瓶\n', 1);
INSERT INTO `recyclable_waste` VALUES (51, '巴黎水玻璃瓶\n', 1);
INSERT INTO `recyclable_waste` VALUES (52, '玻璃碎片\n', 1);
INSERT INTO `recyclable_waste` VALUES (53, '玻璃烟灰缸\n', 1);
INSERT INTO `recyclable_waste` VALUES (54, '玻璃渣\n', 1);
INSERT INTO `recyclable_waste` VALUES (55, '包书纸\n', 1);
INSERT INTO `recyclable_waste` VALUES (56, '被套\n', 1);
INSERT INTO `recyclable_waste` VALUES (57, '保温杯\n', 1);
INSERT INTO `recyclable_waste` VALUES (58, '保温瓶\n', 1);
INSERT INTO `recyclable_waste` VALUES (59, '布娃娃\n', 1);
INSERT INTO `recyclable_waste` VALUES (60, '布鞋\n', 1);
INSERT INTO `recyclable_waste` VALUES (61, '不锈钢杯子\n', 1);
INSERT INTO `recyclable_waste` VALUES (62, '不锈钢垃圾桶\n', 1);
INSERT INTO `recyclable_waste` VALUES (63, '不锈钢勺子\n', 1);
INSERT INTO `recyclable_waste` VALUES (64, '报纸\n', 1);
INSERT INTO `recyclable_waste` VALUES (65, '被子\n', 1);
INSERT INTO `recyclable_waste` VALUES (66, '本子\n', 1);
INSERT INTO `recyclable_waste` VALUES (67, '抱枕\n', 1);
INSERT INTO `recyclable_waste` VALUES (68, '包装纸\n', 1);
INSERT INTO `recyclable_waste` VALUES (69, '窗玻璃\n', 1);
INSERT INTO `recyclable_waste` VALUES (70, '传单\n', 1);
INSERT INTO `recyclable_waste` VALUES (71, '床单\n', 1);
INSERT INTO `recyclable_waste` VALUES (72, '充电宝\n', 1);
INSERT INTO `recyclable_waste` VALUES (73, '充电器\n', 1);
INSERT INTO `recyclable_waste` VALUES (74, '充电热水袋\n', 1);
INSERT INTO `recyclable_waste` VALUES (75, '充电线\n', 1);
INSERT INTO `recyclable_waste` VALUES (76, '吹风机\n', 1);
INSERT INTO `recyclable_waste` VALUES (77, '衬衫\n', 1);
INSERT INTO `recyclable_waste` VALUES (78, '除湿机\n', 1);
INSERT INTO `recyclable_waste` VALUES (79, '插线板\n', 1);
INSERT INTO `recyclable_waste` VALUES (80, '茶叶罐\n', 1);
INSERT INTO `recyclable_waste` VALUES (81, '插座\n', 1);
INSERT INTO `recyclable_waste` VALUES (82, '醋瓶\n', 1);
INSERT INTO `recyclable_waste` VALUES (83, 'CPU\n', 1);
INSERT INTO `recyclable_waste` VALUES (84, '磁铁\n', 1);
INSERT INTO `recyclable_waste` VALUES (85, '传真机\n', 1);
INSERT INTO `recyclable_waste` VALUES (86, '档案袋\n', 1);
INSERT INTO `recyclable_waste` VALUES (87, '电脑机箱\n', 1);
INSERT INTO `recyclable_waste` VALUES (88, '电冰箱\n', 1);
INSERT INTO `recyclable_waste` VALUES (89, '电吹风\n', 1);
INSERT INTO `recyclable_waste` VALUES (90, '点钞机\n', 1);
INSERT INTO `recyclable_waste` VALUES (91, '电磁炉\n', 1);
INSERT INTO `recyclable_waste` VALUES (92, '电炖锅\n', 1);
INSERT INTO `recyclable_waste` VALUES (93, '打底裤\n', 1);
INSERT INTO `recyclable_waste` VALUES (94, '电动剃须刀\n', 1);
INSERT INTO `recyclable_waste` VALUES (95, '电动玩具\n', 1);
INSERT INTO `recyclable_waste` VALUES (96, '电动牙刷\n', 1);
INSERT INTO `recyclable_waste` VALUES (97, '电饭煲\n', 1);
INSERT INTO `recyclable_waste` VALUES (98, '电话机\n', 1);
INSERT INTO `recyclable_waste` VALUES (99, '电脑\n', 1);
INSERT INTO `recyclable_waste` VALUES (100, '电脑包\n', 1);
INSERT INTO `recyclable_waste` VALUES (101, '电瓶\n', 1);
INSERT INTO `recyclable_waste` VALUES (102, '刀片\n', 1);
INSERT INTO `recyclable_waste` VALUES (103, '电热水壶\n', 1);
INSERT INTO `recyclable_waste` VALUES (104, '电热毯\n', 1);
INSERT INTO `recyclable_waste` VALUES (105, '电扇\n', 1);
INSERT INTO `recyclable_waste` VALUES (106, '电水壶\n', 1);
INSERT INTO `recyclable_waste` VALUES (107, '订书机\n', 1);
INSERT INTO `recyclable_waste` VALUES (108, '电视机\n', 1);
INSERT INTO `recyclable_waste` VALUES (109, '地毯\n', 1);
INSERT INTO `recyclable_waste` VALUES (110, '电蚊拍\n', 1);
INSERT INTO `recyclable_waste` VALUES (111, '电线\n', 1);
INSERT INTO `recyclable_waste` VALUES (112, '大衣\n', 1);
INSERT INTO `recyclable_waste` VALUES (113, '电熨斗\n', 1);
INSERT INTO `recyclable_waste` VALUES (114, '打印机\n', 1);
INSERT INTO `recyclable_waste` VALUES (115, '打印纸\n', 1);
INSERT INTO `recyclable_waste` VALUES (116, '垫子\n', 1);
INSERT INTO `recyclable_waste` VALUES (117, '电钻\n', 1);
INSERT INTO `recyclable_waste` VALUES (118, '电子手表\n', 1);
INSERT INTO `recyclable_waste` VALUES (119, '耳机\n', 1);
INSERT INTO `recyclable_waste` VALUES (120, '耳环\n', 1);
INSERT INTO `recyclable_waste` VALUES (121, '帆布包\n', 1);
INSERT INTO `recyclable_waste` VALUES (122, '废报纸\n', 1);
INSERT INTO `recyclable_waste` VALUES (123, '废电路板\n', 1);
INSERT INTO `recyclable_waste` VALUES (124, '废旧吸铁石\n', 1);
INSERT INTO `recyclable_waste` VALUES (125, '蜂蜜罐\n', 1);
INSERT INTO `recyclable_waste` VALUES (126, '废弃塑料文具\n', 1);
INSERT INTO `recyclable_waste` VALUES (127, '废弃衣服\n', 1);
INSERT INTO `recyclable_waste` VALUES (128, '废食用油瓶\n', 1);
INSERT INTO `recyclable_waste` VALUES (129, '废锁头\n', 1);
INSERT INTO `recyclable_waste` VALUES (130, '风衣\n', 1);
INSERT INTO `recyclable_waste` VALUES (131, '复印机\n', 1);
INSERT INTO `recyclable_waste` VALUES (132, '复印纸\n', 1);
INSERT INTO `recyclable_waste` VALUES (133, '锅\n', 1);
INSERT INTO `recyclable_waste` VALUES (134, '广告单\n', 1);
INSERT INTO `recyclable_waste` VALUES (135, '高跟鞋\n', 1);
INSERT INTO `recyclable_waste` VALUES (136, '广告用纸\n', 1);
INSERT INTO `recyclable_waste` VALUES (137, '钢化玻璃\n', 1);
INSERT INTO `recyclable_waste` VALUES (138, '果酱瓶\n', 1);
INSERT INTO `recyclable_waste` VALUES (139, '蜂蜜柚子茶玻璃罐\n', 1);
INSERT INTO `recyclable_waste` VALUES (140, '罐头瓶\n', 1);
INSERT INTO `recyclable_waste` VALUES (141, '公文包\n', 1);
INSERT INTO `recyclable_waste` VALUES (142, '海报\n', 1);
INSERT INTO `recyclable_waste` VALUES (143, '环保袋\n', 1);
INSERT INTO `recyclable_waste` VALUES (144, '护肤品玻璃罐\n', 1);
INSERT INTO `recyclable_waste` VALUES (145, '护肤品瓶\n', 1);
INSERT INTO `recyclable_waste` VALUES (146, '护发素瓶\n', 1);
INSERT INTO `recyclable_waste` VALUES (147, '黄金\n', 1);
INSERT INTO `recyclable_waste` VALUES (148, '红酒瓶\n', 1);
INSERT INTO `recyclable_waste` VALUES (149, '花露水瓶\n', 1);
INSERT INTO `recyclable_waste` VALUES (150, '话筒\n', 1);
INSERT INTO `recyclable_waste` VALUES (151, '华为手机\n', 1);
INSERT INTO `recyclable_waste` VALUES (152, '会员卡\n', 1);
INSERT INTO `recyclable_waste` VALUES (153, '化妆品玻璃瓶\n', 1);
INSERT INTO `recyclable_waste` VALUES (154, '化妆品外包装纸盒\n', 1);
INSERT INTO `recyclable_waste` VALUES (155, '化妆水瓶\n', 1);
INSERT INTO `recyclable_waste` VALUES (156, 'iPad\n', 1);
INSERT INTO `recyclable_waste` VALUES (157, '旧布鞋\n', 1);
INSERT INTO `recyclable_waste` VALUES (158, '旧报纸\n', 1);
INSERT INTO `recyclable_waste` VALUES (159, '剪刀\n', 1);
INSERT INTO `recyclable_waste` VALUES (160, '鸡蛋包装盒\n', 1);
INSERT INTO `recyclable_waste` VALUES (161, '机顶盒\n', 1);
INSERT INTO `recyclable_waste` VALUES (162, '精华玻璃瓶\n', 1);
INSERT INTO `recyclable_waste` VALUES (163, '金戒指\n', 1);
INSERT INTO `recyclable_waste` VALUES (164, '旧帽子\n', 1);
INSERT INTO `recyclable_waste` VALUES (165, '酒瓶\n', 1);
INSERT INTO `recyclable_waste` VALUES (166, '键盘\n', 1);
INSERT INTO `recyclable_waste` VALUES (167, '旧皮鞋\n', 1);
INSERT INTO `recyclable_waste` VALUES (168, '旧书包\n', 1);
INSERT INTO `recyclable_waste` VALUES (169, '金属罐\n', 1);
INSERT INTO `recyclable_waste` VALUES (170, '金属盒\n', 1);
INSERT INTO `recyclable_waste` VALUES (171, '金属\n', 1);
INSERT INTO `recyclable_waste` VALUES (172, '金属晾衣杆\n', 1);
INSERT INTO `recyclable_waste` VALUES (173, '金属瓶盖\n', 1);
INSERT INTO `recyclable_waste` VALUES (174, '加湿器\n', 1);
INSERT INTO `recyclable_waste` VALUES (175, '旧塑料篮子\n', 1);
INSERT INTO `recyclable_waste` VALUES (176, '计算器\n', 1);
INSERT INTO `recyclable_waste` VALUES (177, '净水器\n', 1);
INSERT INTO `recyclable_waste` VALUES (178, '旧手提包\n', 1);
INSERT INTO `recyclable_waste` VALUES (179, '旧铁锅\n', 1);
INSERT INTO `recyclable_waste` VALUES (180, '交通卡\n', 1);
INSERT INTO `recyclable_waste` VALUES (181, '旧玩具\n', 1);
INSERT INTO `recyclable_waste` VALUES (182, '机箱\n', 1);
INSERT INTO `recyclable_waste` VALUES (183, '旧鞋子\n', 1);
INSERT INTO `recyclable_waste` VALUES (184, '旧衣服\n', 1);
INSERT INTO `recyclable_waste` VALUES (185, '酱油瓶\n', 1);
INSERT INTO `recyclable_waste` VALUES (186, '金子\n', 1);
INSERT INTO `recyclable_waste` VALUES (187, '旧纸袋\n', 1);
INSERT INTO `recyclable_waste` VALUES (188, '旧枕头\n', 1);
INSERT INTO `recyclable_waste` VALUES (189, '卷纸芯\n', 1);
INSERT INTO `recyclable_waste` VALUES (190, '课本\n', 1);
INSERT INTO `recyclable_waste` VALUES (191, '靠垫\n', 1);
INSERT INTO `recyclable_waste` VALUES (192, '快递盒\n', 1);
INSERT INTO `recyclable_waste` VALUES (193, '空调机\n', 1);
INSERT INTO `recyclable_waste` VALUES (194, '快递纸袋\n', 1);
INSERT INTO `recyclable_waste` VALUES (195, '快递纸箱\n', 1);
INSERT INTO `recyclable_waste` VALUES (196, 'Kindle\n', 1);
INSERT INTO `recyclable_waste` VALUES (197, '可口可乐瓶\n', 1);
INSERT INTO `recyclable_waste` VALUES (198, '可乐罐\n', 1);
INSERT INTO `recyclable_waste` VALUES (199, '可乐瓶\n', 1);
INSERT INTO `recyclable_waste` VALUES (200, '矿泉水瓶盖\n', 1);
INSERT INTO `recyclable_waste` VALUES (201, '矿泉水瓶\n', 1);
INSERT INTO `recyclable_waste` VALUES (202, '矿泉水桶\n', 1);
INSERT INTO `recyclable_waste` VALUES (203, '裤子\n', 1);
INSERT INTO `recyclable_waste` VALUES (204, '卡纸\n', 1);
INSERT INTO `recyclable_waste` VALUES (205, '铝箔纸\n', 1);
INSERT INTO `recyclable_waste` VALUES (206, '绿茶包装盒\n', 1);
INSERT INTO `recyclable_waste` VALUES (207, '铝盖\n', 1);
INSERT INTO `recyclable_waste` VALUES (208, '乐高玩具\n', 1);
INSERT INTO `recyclable_waste` VALUES (209, '料酒瓶\n', 1);
INSERT INTO `recyclable_waste` VALUES (210, '垃圾桶\n', 1);
INSERT INTO `recyclable_waste` VALUES (211, '乐扣塑料盒\n', 1);
INSERT INTO `recyclable_waste` VALUES (212, '篮球\n', 1);
INSERT INTO `recyclable_waste` VALUES (213, '螺丝\n', 1);
INSERT INTO `recyclable_waste` VALUES (214, '螺丝刀\n', 1);
INSERT INTO `recyclable_waste` VALUES (215, '螺丝钉\n', 1);
INSERT INTO `recyclable_waste` VALUES (216, '榔头\n', 1);
INSERT INTO `recyclable_waste` VALUES (217, '晾衣架\n', 1);
INSERT INTO `recyclable_waste` VALUES (218, '路由器\n', 1);
INSERT INTO `recyclable_waste` VALUES (219, '连衣裙\n', 1);
INSERT INTO `recyclable_waste` VALUES (220, '铝制品\n', 1);
INSERT INTO `recyclable_waste` VALUES (221, '密胺餐具\n', 1);
INSERT INTO `recyclable_waste` VALUES (222, '棉被\n', 1);
INSERT INTO `recyclable_waste` VALUES (223, '美工刀\n', 1);
INSERT INTO `recyclable_waste` VALUES (224, '灭火器\n', 1);
INSERT INTO `recyclable_waste` VALUES (225, '木积木\n', 1);
INSERT INTO `recyclable_waste` VALUES (226, '木筷\n', 1);
INSERT INTO `recyclable_waste` VALUES (227, '名片\n', 1);
INSERT INTO `recyclable_waste` VALUES (228, '煤气罐\n', 1);
INSERT INTO `recyclable_waste` VALUES (229, '毛绒玩具\n', 1);
INSERT INTO `recyclable_waste` VALUES (230, '木梳\n', 1);
INSERT INTO `recyclable_waste` VALUES (231, '墨水瓶\n', 1);
INSERT INTO `recyclable_waste` VALUES (232, '毛毯\n', 1);
INSERT INTO `recyclable_waste` VALUES (233, '毛线\n', 1);
INSERT INTO `recyclable_waste` VALUES (234, '沐浴露瓶\n', 1);
INSERT INTO `recyclable_waste` VALUES (235, '内存条\n', 1);
INSERT INTO `recyclable_waste` VALUES (236, '奶粉罐\n', 1);
INSERT INTO `recyclable_waste` VALUES (237, '奶粉罐铝盖\n', 1);
INSERT INTO `recyclable_waste` VALUES (238, '奶粉桶\n', 1);
INSERT INTO `recyclable_waste` VALUES (239, '牛奶盒\n', 1);
INSERT INTO `recyclable_waste` VALUES (240, '牛奶瓶\n', 1);
INSERT INTO `recyclable_waste` VALUES (241, '牛奶塑料瓶\n', 1);
INSERT INTO `recyclable_waste` VALUES (242, '牛皮纸\n', 1);
INSERT INTO `recyclable_waste` VALUES (243, '闹钟\n', 1);
INSERT INTO `recyclable_waste` VALUES (244, '牛仔裤\n', 1);
INSERT INTO `recyclable_waste` VALUES (245, '皮包\n', 1);
INSERT INTO `recyclable_waste` VALUES (246, '平板玻璃\n', 1);
INSERT INTO `recyclable_waste` VALUES (247, '皮带\n', 1);
INSERT INTO `recyclable_waste` VALUES (248, '平底锅\n', 1);
INSERT INTO `recyclable_waste` VALUES (249, '皮革\n', 1);
INSERT INTO `recyclable_waste` VALUES (250, '皮具\n', 1);
INSERT INTO `recyclable_waste` VALUES (251, '啤酒罐\n', 1);
INSERT INTO `recyclable_waste` VALUES (252, '啤酒瓶\n', 1);
INSERT INTO `recyclable_waste` VALUES (253, '泡沫板\n', 1);
INSERT INTO `recyclable_waste` VALUES (254, '泡沫塑料\n', 1);
INSERT INTO `recyclable_waste` VALUES (255, '泡沫箱\n', 1);
INSERT INTO `recyclable_waste` VALUES (256, '乒乓球拍\n', 1);
INSERT INTO `recyclable_waste` VALUES (257, '皮球\n', 1);
INSERT INTO `recyclable_waste` VALUES (258, '皮箱\n', 1);
INSERT INTO `recyclable_waste` VALUES (259, '皮鞋\n', 1);
INSERT INTO `recyclable_waste` VALUES (260, '铅笔盒\n', 1);
INSERT INTO `recyclable_waste` VALUES (261, '汽水瓶\n', 1);
INSERT INTO `recyclable_waste` VALUES (262, '其他玻璃制品\n', 1);
INSERT INTO `recyclable_waste` VALUES (263, '其他金属制品\n', 1);
INSERT INTO `recyclable_waste` VALUES (264, '球鞋\n', 1);
INSERT INTO `recyclable_waste` VALUES (265, '日历\n', 1);
INSERT INTO `recyclable_waste` VALUES (266, '乳液罐\n', 1);
INSERT INTO `recyclable_waste` VALUES (267, '乳液瓶\n', 1);
INSERT INTO `recyclable_waste` VALUES (268, '鼠标\n', 1);
INSERT INTO `recyclable_waste` VALUES (269, '碎玻璃片\n', 1);
INSERT INTO `recyclable_waste` VALUES (270, '碎玻璃制品\n', 1);
INSERT INTO `recyclable_waste` VALUES (271, '丝带\n', 1);
INSERT INTO `recyclable_waste` VALUES (272, '扫地机\n', 1);
INSERT INTO `recyclable_waste` VALUES (273, '水果网套\n', 1);
INSERT INTO `recyclable_waste` VALUES (274, '书包\n', 1);
INSERT INTO `recyclable_waste` VALUES (275, '书本\n', 1);
INSERT INTO `recyclable_waste` VALUES (276, '手表\n', 1);
INSERT INTO `recyclable_waste` VALUES (277, '手电筒\n', 1);
INSERT INTO `recyclable_waste` VALUES (278, '手办\n', 1);
INSERT INTO `recyclable_waste` VALUES (279, '爽肤水瓶\n', 1);
INSERT INTO `recyclable_waste` VALUES (280, '水果刀\n', 1);
INSERT INTO `recyclable_waste` VALUES (281, '试卷\n', 1);
INSERT INTO `recyclable_waste` VALUES (282, '手机\n', 1);
INSERT INTO `recyclable_waste` VALUES (283, '手机充电宝\n', 1);
INSERT INTO `recyclable_waste` VALUES (284, '手机充电器\n', 1);
INSERT INTO `recyclable_waste` VALUES (285, '数据线\n', 1);
INSERT INTO `recyclable_waste` VALUES (286, '漱口水瓶\n', 1);
INSERT INTO `recyclable_waste` VALUES (287, '说明书\n', 1);
INSERT INTO `recyclable_waste` VALUES (288, '食品罐头\n', 1);
INSERT INTO `recyclable_waste` VALUES (289, '摄像头\n', 1);
INSERT INTO `recyclable_waste` VALUES (290, '收音机\n', 1);
INSERT INTO `recyclable_waste` VALUES (291, '食用油玻璃瓶\n', 1);
INSERT INTO `recyclable_waste` VALUES (292, '食用油桶\n', 1);
INSERT INTO `recyclable_waste` VALUES (293, '塑料杯\n', 1);
INSERT INTO `recyclable_waste` VALUES (294, '塑料杯套\n', 1);
INSERT INTO `recyclable_waste` VALUES (295, '塑料包装纸盒\n', 1);
INSERT INTO `recyclable_waste` VALUES (296, '塑料尺\n', 1);
INSERT INTO `recyclable_waste` VALUES (297, '塑料餐具\n', 1);
INSERT INTO `recyclable_waste` VALUES (298, '塑料饭盒\n', 1);
INSERT INTO `recyclable_waste` VALUES (299, '塑料盒\n', 1);
INSERT INTO `recyclable_waste` VALUES (300, '塑料花盆\n', 1);
INSERT INTO `recyclable_waste` VALUES (301, '塑料假花\n', 1);
INSERT INTO `recyclable_waste` VALUES (302, '塑料晾衣架\n', 1);
INSERT INTO `recyclable_waste` VALUES (303, '塑料晾衣杆\n', 1);
INSERT INTO `recyclable_waste` VALUES (304, '塑料模型\n', 1);
INSERT INTO `recyclable_waste` VALUES (305, '塑料盆\n', 1);
INSERT INTO `recyclable_waste` VALUES (306, '塑料瓶盖\n', 1);
INSERT INTO `recyclable_waste` VALUES (307, '塑料泡沫\n', 1);
INSERT INTO `recyclable_waste` VALUES (308, '塑料瓶瓶盖\n', 1);
INSERT INTO `recyclable_waste` VALUES (309, '塑料收纳盒\n', 1);
INSERT INTO `recyclable_waste` VALUES (310, '塑料梳子\n', 1);
INSERT INTO `recyclable_waste` VALUES (311, '塑料酸奶盒\n', 1);
INSERT INTO `recyclable_waste` VALUES (312, '塑料桶\n', 1);
INSERT INTO `recyclable_waste` VALUES (313, '塑料拖把杆\n', 1);
INSERT INTO `recyclable_waste` VALUES (314, '塑料碗\n', 1);
INSERT INTO `recyclable_waste` VALUES (315, '塑料玩具\n', 1);
INSERT INTO `recyclable_waste` VALUES (316, '塑料玩具车\n', 1);
INSERT INTO `recyclable_waste` VALUES (317, '塑料文件袋\n', 1);
INSERT INTO `recyclable_waste` VALUES (318, '塑料衣架\n', 1);
INSERT INTO `recyclable_waste` VALUES (319, '酸奶玻璃瓶\n', 1);
INSERT INTO `recyclable_waste` VALUES (320, '酸奶盒\n', 1);
INSERT INTO `recyclable_waste` VALUES (321, '碎纸\n', 1);
INSERT INTO `recyclable_waste` VALUES (322, '铁钉\n', 1);
INSERT INTO `recyclable_waste` VALUES (323, '台灯\n', 1);
INSERT INTO `recyclable_waste` VALUES (324, '铁罐子\n', 1);
INSERT INTO `recyclable_waste` VALUES (325, '铁盒\n', 1);
INSERT INTO `recyclable_waste` VALUES (326, '弹簧\n', 1);
INSERT INTO `recyclable_waste` VALUES (327, '台历\n', 1);
INSERT INTO `recyclable_waste` VALUES (328, '铁皮罐头\n', 1);
INSERT INTO `recyclable_waste` VALUES (329, '铁丝\n', 1);
INSERT INTO `recyclable_waste` VALUES (330, '拖线板\n', 1);
INSERT INTO `recyclable_waste` VALUES (331, '剃须刀片\n', 1);
INSERT INTO `recyclable_waste` VALUES (332, '体重秤\n', 1);
INSERT INTO `recyclable_waste` VALUES (333, '微波炉\n', 1);
INSERT INTO `recyclable_waste` VALUES (334, '围巾\n', 1);
INSERT INTO `recyclable_waste` VALUES (335, '文件夹\n', 1);
INSERT INTO `recyclable_waste` VALUES (336, '玩具塑料包装纸盒\n', 1);
INSERT INTO `recyclable_waste` VALUES (337, '无人机\n', 1);
INSERT INTO `recyclable_waste` VALUES (338, '网线\n', 1);
INSERT INTO `recyclable_waste` VALUES (339, '无线充电器\n', 1);
INSERT INTO `recyclable_waste` VALUES (340, '望远镜\n', 1);
INSERT INTO `recyclable_waste` VALUES (341, '袜子\n', 1);
INSERT INTO `recyclable_waste` VALUES (342, '蚊帐\n', 1);
INSERT INTO `recyclable_waste` VALUES (343, '雪碧瓶\n', 1);
INSERT INTO `recyclable_waste` VALUES (344, '宣传单\n', 1);
INSERT INTO `recyclable_waste` VALUES (345, '鞋带\n', 1);
INSERT INTO `recyclable_waste` VALUES (346, '信封\n', 1);
INSERT INTO `recyclable_waste` VALUES (347, '洗发露瓶\n', 1);
INSERT INTO `recyclable_waste` VALUES (348, '洗发水瓶\n', 1);
INSERT INTO `recyclable_waste` VALUES (349, '鞋盒\n', 1);
INSERT INTO `recyclable_waste` VALUES (350, '洗洁精瓶\n', 1);
INSERT INTO `recyclable_waste` VALUES (351, '显卡\n', 1);
INSERT INTO `recyclable_waste` VALUES (352, '项链\n', 1);
INSERT INTO `recyclable_waste` VALUES (353, '线路板\n', 1);
INSERT INTO `recyclable_waste` VALUES (354, '芯片\n', 1);
INSERT INTO `recyclable_waste` VALUES (355, '显示器\n', 1);
INSERT INTO `recyclable_waste` VALUES (356, '洗手液瓶\n', 1);
INSERT INTO `recyclable_waste` VALUES (357, '香水瓶\n', 1);
INSERT INTO `recyclable_waste` VALUES (358, '吸铁石\n', 1);
INSERT INTO `recyclable_waste` VALUES (359, '香薰玻璃瓶\n', 1);
INSERT INTO `recyclable_waste` VALUES (360, '香烟盒\n', 1);
INSERT INTO `recyclable_waste` VALUES (361, '洗衣机\n', 1);
INSERT INTO `recyclable_waste` VALUES (362, '信用卡\n', 1);
INSERT INTO `recyclable_waste` VALUES (363, '香烟壳\n', 1);
INSERT INTO `recyclable_waste` VALUES (364, '月饼盒\n', 1);
INSERT INTO `recyclable_waste` VALUES (365, '硬纸板\n', 1);
INSERT INTO `recyclable_waste` VALUES (366, '腰带\n', 1);
INSERT INTO `recyclable_waste` VALUES (367, '移动电源\n', 1);
INSERT INTO `recyclable_waste` VALUES (368, '鱼缸\n', 1);
INSERT INTO `recyclable_waste` VALUES (369, '银行卡\n', 1);
INSERT INTO `recyclable_waste` VALUES (370, '有机玻璃\n', 1);
INSERT INTO `recyclable_waste` VALUES (371, '瑜伽垫\n', 1);
INSERT INTO `recyclable_waste` VALUES (372, '亚克力板\n', 1);
INSERT INTO `recyclable_waste` VALUES (373, '遥控器\n', 1);
INSERT INTO `recyclable_waste` VALUES (374, '哑铃\n', 1);
INSERT INTO `recyclable_waste` VALUES (375, '饮料玻璃瓶\n', 1);
INSERT INTO `recyclable_waste` VALUES (376, '养乐多瓶\n', 1);
INSERT INTO `recyclable_waste` VALUES (377, '易拉罐\n', 1);
INSERT INTO `recyclable_waste` VALUES (378, '易拉罐盖\n', 1);
INSERT INTO `recyclable_waste` VALUES (379, '易拉罐拉环\n', 1);
INSERT INTO `recyclable_waste` VALUES (380, '饮料利乐包装\n', 1);
INSERT INTO `recyclable_waste` VALUES (381, '饮料瓶\n', 1);
INSERT INTO `recyclable_waste` VALUES (382, '饮料瓶盖\n', 1);
INSERT INTO `recyclable_waste` VALUES (383, '羊毛衫\n', 1);
INSERT INTO `recyclable_waste` VALUES (384, '药品说明书\n', 1);
INSERT INTO `recyclable_waste` VALUES (385, '羽绒服\n', 1);
INSERT INTO `recyclable_waste` VALUES (386, '钥匙\n', 1);
INSERT INTO `recyclable_waste` VALUES (387, '眼霜罐\n', 1);
INSERT INTO `recyclable_waste` VALUES (388, '油桶\n', 1);
INSERT INTO `recyclable_waste` VALUES (389, '音箱\n', 1);
INSERT INTO `recyclable_waste` VALUES (390, '雨鞋\n', 1);
INSERT INTO `recyclable_waste` VALUES (391, '音响\n', 1);
INSERT INTO `recyclable_waste` VALUES (392, '游戏机\n', 1);
INSERT INTO `recyclable_waste` VALUES (393, '游戏手柄\n', 1);
INSERT INTO `recyclable_waste` VALUES (394, '硬质塑料瓶\n', 1);
INSERT INTO `recyclable_waste` VALUES (395, '纸板箱\n', 1);
INSERT INTO `recyclable_waste` VALUES (396, '纸盒\n', 1);
INSERT INTO `recyclable_waste` VALUES (397, '主板\n', 1);
INSERT INTO `recyclable_waste` VALUES (398, '砧板\n', 1);
INSERT INTO `recyclable_waste` VALUES (399, '钟表\n', 1);
INSERT INTO `recyclable_waste` VALUES (400, '纸袋子\n', 1);
INSERT INTO `recyclable_waste` VALUES (401, '指甲刀\n', 1);
INSERT INTO `recyclable_waste` VALUES (402, '指甲钳\n', 1);
INSERT INTO `recyclable_waste` VALUES (403, '帐篷\n', 1);
INSERT INTO `recyclable_waste` VALUES (404, '纸塑铝复合包装\n', 1);
INSERT INTO `recyclable_waste` VALUES (405, '枕套\n', 1);
INSERT INTO `recyclable_waste` VALUES (406, '枕头\n', 1);
INSERT INTO `recyclable_waste` VALUES (407, '纸箱\n', 1);
INSERT INTO `recyclable_waste` VALUES (408, '枕芯\n', 1);
INSERT INTO `recyclable_waste` VALUES (409, '照相机\n', 1);
INSERT INTO `recyclable_waste` VALUES (410, '纸巾盒\n', 1);
INSERT INTO `recyclable_waste` VALUES (411, '足球\n', 1);
INSERT INTO `recyclable_waste` VALUES (412, '钻石\n', 1);
INSERT INTO `recyclable_waste` VALUES (413, '作业本\n', 1);
INSERT INTO `recyclable_waste` VALUES (414, '洗衣液瓶\n', 1);
INSERT INTO `recyclable_waste` VALUES (415, '杂志\n', 1);
INSERT INTO `recyclable_waste` VALUES (416, '罐头食品\n', 1);
INSERT INTO `recyclable_waste` VALUES (417, '吸管塑料包装\n', 1);
INSERT INTO `recyclable_waste` VALUES (418, '订书机钉\n', 1);
INSERT INTO `recyclable_waste` VALUES (419, '袋装洗洁精\n', 1);
INSERT INTO `recyclable_waste` VALUES (420, '被污染牛奶盒\n', 1);
INSERT INTO `recyclable_waste` VALUES (421, '蜡烛塑料模\n', 1);
INSERT INTO `recyclable_waste` VALUES (422, '奶粉盖\n', 1);
INSERT INTO `recyclable_waste` VALUES (423, '受污染的塑料制品\n', 1);
INSERT INTO `recyclable_waste` VALUES (424, '圣代塑料包装\n', 1);
INSERT INTO `recyclable_waste` VALUES (425, '搪瓷碗\n', 1);
INSERT INTO `recyclable_waste` VALUES (426, '矿泉水包装膜\n', 1);
INSERT INTO `recyclable_waste` VALUES (427, '矿泉水瓶标签\n', 1);
INSERT INTO `recyclable_waste` VALUES (428, '金属丝清洁球\n', 1);
INSERT INTO `recyclable_waste` VALUES (429, '连裤袜\n', 1);
INSERT INTO `recyclable_waste` VALUES (430, '塑料勺子\n', 1);
INSERT INTO `recyclable_waste` VALUES (431, '过期的防晒霜\n', 1);
INSERT INTO `recyclable_waste` VALUES (432, '果冻包装盒\n', 1);
INSERT INTO `recyclable_waste` VALUES (433, '玻尿酸小玻璃瓶\n', 1);
INSERT INTO `recyclable_waste` VALUES (434, '圆珠笔笔套\n', 1);
INSERT INTO `recyclable_waste` VALUES (435, '海洋球\n', 1);
INSERT INTO `recyclable_waste` VALUES (436, '内酯豆腐包装盒\n', 1);
INSERT INTO `recyclable_waste` VALUES (437, '破袜子\n', 1);
INSERT INTO `recyclable_waste` VALUES (438, '叉子\n', 1);
INSERT INTO `recyclable_waste` VALUES (439, '咖啡塑料杯\n', 1);
INSERT INTO `recyclable_waste` VALUES (440, '放大镜\n', 1);
INSERT INTO `recyclable_waste` VALUES (441, '旧玩偶\n', 1);
INSERT INTO `recyclable_waste` VALUES (442, '铁夹子\n', 1);
INSERT INTO `recyclable_waste` VALUES (443, '金属制品\n', 1);
INSERT INTO `recyclable_waste` VALUES (444, '塑料饮料瓶\n', 1);
INSERT INTO `recyclable_waste` VALUES (445, '电风扇\n', 1);
INSERT INTO `recyclable_waste` VALUES (446, '移动硬盘\n', 1);
INSERT INTO `recyclable_waste` VALUES (447, '乐扣乐扣\n', 1);
INSERT INTO `recyclable_waste` VALUES (448, '花露水玻璃瓶\n', 1);
INSERT INTO `recyclable_waste` VALUES (449, '运动鞋\n', 1);
INSERT INTO `recyclable_waste` VALUES (450, '垃圾箱\n', 1);
INSERT INTO `recyclable_waste` VALUES (451, '铁罐\n', 1);
INSERT INTO `recyclable_waste` VALUES (452, '废旧报纸\n', 1);
INSERT INTO `recyclable_waste` VALUES (453, '啤酒盖\n', 1);
INSERT INTO `recyclable_waste` VALUES (454, '硬板纸\n', 1);
INSERT INTO `recyclable_waste` VALUES (455, '布料制品\n', 1);
INSERT INTO `recyclable_waste` VALUES (456, '花露水塑料瓶\n', 1);
INSERT INTO `recyclable_waste` VALUES (457, '洗洁精瓶子\n', 1);
INSERT INTO `recyclable_waste` VALUES (458, '香蕉牛奶盒\n', 1);
INSERT INTO `recyclable_waste` VALUES (459, '酱油玻璃瓶\n', 1);
INSERT INTO `recyclable_waste` VALUES (460, '牛奶利乐包装盒\n', 1);
INSERT INTO `recyclable_waste` VALUES (461, '平板电脑\n', 1);
INSERT INTO `recyclable_waste` VALUES (462, '农夫山泉矿泉水瓶\n', 1);
INSERT INTO `recyclable_waste` VALUES (463, '丝巾\n', 1);
INSERT INTO `recyclable_waste` VALUES (464, '漱口塑料杯\n', 1);
INSERT INTO `recyclable_waste` VALUES (465, '旧书\n', 1);
INSERT INTO `recyclable_waste` VALUES (466, '布玩偶\n', 1);
INSERT INTO `recyclable_waste` VALUES (467, '纸质牛奶盒\n', 1);
INSERT INTO `recyclable_waste` VALUES (468, '吸尘器\n', 1);
INSERT INTO `recyclable_waste` VALUES (469, '防晒霜瓶\n', 1);
INSERT INTO `recyclable_waste` VALUES (470, '王老吉包装盒\n', 1);
INSERT INTO `recyclable_waste` VALUES (471, '不锈钢制品\n', 1);
INSERT INTO `recyclable_waste` VALUES (472, '芬达塑料瓶\n', 1);
INSERT INTO `recyclable_waste` VALUES (473, '花生酱玻璃瓶\n', 1);
INSERT INTO `recyclable_waste` VALUES (474, '铝罐\n', 1);
INSERT INTO `recyclable_waste` VALUES (475, '维他柠檬茶利乐包装\n', 1);
INSERT INTO `recyclable_waste` VALUES (476, '水电费账单\n', 1);
INSERT INTO `recyclable_waste` VALUES (477, '电费账单\n', 1);
INSERT INTO `recyclable_waste` VALUES (478, '木桶\n', 1);
INSERT INTO `recyclable_waste` VALUES (479, '洋娃娃\n', 1);
INSERT INTO `recyclable_waste` VALUES (480, '塑料玩偶\n', 1);
INSERT INTO `recyclable_waste` VALUES (481, '玻璃罐\n', 1);
INSERT INTO `recyclable_waste` VALUES (482, '美工刀片\n', 1);
INSERT INTO `recyclable_waste` VALUES (483, '塑料卡片\n', 1);
INSERT INTO `recyclable_waste` VALUES (484, '香皂包装盒\n', 1);
INSERT INTO `recyclable_waste` VALUES (485, '舒肤佳包装盒\n', 1);
INSERT INTO `recyclable_waste` VALUES (486, '皮卡丘毛绒玩偶\n', 1);
INSERT INTO `recyclable_waste` VALUES (487, 'Pocky包装盒\n', 1);
INSERT INTO `recyclable_waste` VALUES (488, 'Rio易拉罐\n', 1);
INSERT INTO `recyclable_waste` VALUES (489, '空气净化器\n', 1);
INSERT INTO `recyclable_waste` VALUES (490, '空矿泉水瓶\n', 1);
INSERT INTO `recyclable_waste` VALUES (491, '耳机线\n', 1);
INSERT INTO `recyclable_waste` VALUES (492, '特仑苏牛奶盒\n', 1);
INSERT INTO `recyclable_waste` VALUES (493, '空调遥控器\n', 1);
INSERT INTO `recyclable_waste` VALUES (494, '纯甄牛奶盒\n', 1);
INSERT INTO `recyclable_waste` VALUES (495, '帽子\n', 1);
INSERT INTO `recyclable_waste` VALUES (496, '铝箔\n', 1);
INSERT INTO `recyclable_waste` VALUES (497, '纸筒\n', 1);
INSERT INTO `recyclable_waste` VALUES (498, '不锈钢别针\n', 1);
INSERT INTO `recyclable_waste` VALUES (499, '手套\n', 1);
INSERT INTO `recyclable_waste` VALUES (500, '不锈钢碗\n', 1);
INSERT INTO `recyclable_waste` VALUES (501, '花洒\n', 1);
INSERT INTO `recyclable_waste` VALUES (502, '不锈钢锅铲\n', 1);
INSERT INTO `recyclable_waste` VALUES (503, '围裙\n', 1);
INSERT INTO `recyclable_waste` VALUES (504, '压力锅\n', 1);
INSERT INTO `recyclable_waste` VALUES (505, '塑料尺子\n', 1);
INSERT INTO `recyclable_waste` VALUES (506, '车载充电器 \n', 1);
INSERT INTO `recyclable_waste` VALUES (507, '绸带\n', 1);
INSERT INTO `recyclable_waste` VALUES (508, '布\n', 1);
INSERT INTO `recyclable_waste` VALUES (509, '冰红茶包装盒\n', 1);
INSERT INTO `recyclable_waste` VALUES (510, '屠龙刀\n', 1);
INSERT INTO `recyclable_waste` VALUES (511, '汽车空气滤清器\n', 1);
INSERT INTO `recyclable_waste` VALUES (512, '充电式暖宝宝\n', 1);
INSERT INTO `recyclable_waste` VALUES (513, '利乐枕\n', 1);
INSERT INTO `recyclable_waste` VALUES (514, '破铜烂铁\n', 1);
INSERT INTO `recyclable_waste` VALUES (515, '电路板\n', 1);
INSERT INTO `recyclable_waste` VALUES (516, '数学书\n', 1);
INSERT INTO `recyclable_waste` VALUES (517, '安全帽\n', 1);
INSERT INTO `recyclable_waste` VALUES (518, '瓦楞纸\n', 1);
INSERT INTO `recyclable_waste` VALUES (519, '纱手套\n', 1);
INSERT INTO `recyclable_waste` VALUES (520, '羊毛\n', 1);
INSERT INTO `recyclable_waste` VALUES (521, '燕尾夹\n', 1);
INSERT INTO `recyclable_waste` VALUES (522, '红领巾\n', 1);
INSERT INTO `recyclable_waste` VALUES (523, '铝锅\n', 1);
INSERT INTO `recyclable_waste` VALUES (524, '铁皮铅笔盒\n', 1);
INSERT INTO `recyclable_waste` VALUES (525, '地图\n', 1);
INSERT INTO `recyclable_waste` VALUES (526, '公交卡\n', 1);
INSERT INTO `recyclable_waste` VALUES (527, '美年达塑料瓶\n', 1);
INSERT INTO `recyclable_waste` VALUES (528, '扑克牌\n', 1);
INSERT INTO `recyclable_waste` VALUES (529, '工资卡\n', 1);
INSERT INTO `recyclable_waste` VALUES (530, '低温牛奶盒\n', 1);
INSERT INTO `recyclable_waste` VALUES (531, '充气沙发\n', 1);
INSERT INTO `recyclable_waste` VALUES (532, '机油桶\n', 1);
INSERT INTO `recyclable_waste` VALUES (533, '公仔\n', 1);
INSERT INTO `recyclable_waste` VALUES (534, '旧垃圾桶\n', 1);
INSERT INTO `recyclable_waste` VALUES (535, '蛋黄酱塑料瓶\n', 1);
INSERT INTO `recyclable_waste` VALUES (536, '瓶裝水的塑料瓶\n', 1);
INSERT INTO `recyclable_waste` VALUES (537, '包包\n', 1);
INSERT INTO `recyclable_waste` VALUES (538, '废纸盒\n', 1);
INSERT INTO `recyclable_waste` VALUES (539, '乐扣乐扣塑料盒\n', 1);
INSERT INTO `recyclable_waste` VALUES (540, '布条\n', 1);
INSERT INTO `recyclable_waste` VALUES (541, '包装纸盒\n', 1);
INSERT INTO `recyclable_waste` VALUES (542, '饼干纸盒\n', 1);
INSERT INTO `recyclable_waste` VALUES (543, '废弃书本\n', 1);
INSERT INTO `recyclable_waste` VALUES (544, '皮质包包\n', 1);
INSERT INTO `recyclable_waste` VALUES (545, '可降解塑料盒\n', 1);
INSERT INTO `recyclable_waste` VALUES (546, '洗发水的塑料瓶\n', 1);
INSERT INTO `recyclable_waste` VALUES (547, '布偶\n', 1);
INSERT INTO `recyclable_waste` VALUES (548, '罐头\n', 1);
INSERT INTO `recyclable_waste` VALUES (549, '牛奶纸盒\n', 1);
INSERT INTO `recyclable_waste` VALUES (550, '牛奶纸盒包装\n', 1);
INSERT INTO `recyclable_waste` VALUES (551, '沐浴露塑料瓶\n', 1);
INSERT INTO `recyclable_waste` VALUES (552, '密胺碗\n', 1);
INSERT INTO `recyclable_waste` VALUES (553, '旧纸盒\n', 1);
INSERT INTO `recyclable_waste` VALUES (554, '服装\n', 1);
INSERT INTO `recyclable_waste` VALUES (555, '洗发液空塑料瓶\n', 1);
INSERT INTO `recyclable_waste` VALUES (556, '布袋\n', 1);
INSERT INTO `recyclable_waste` VALUES (557, '布类\n', 1);
INSERT INTO `recyclable_waste` VALUES (558, '硬纸箱\n', 1);
INSERT INTO `recyclable_waste` VALUES (559, '报刊\n', 1);
INSERT INTO `recyclable_waste` VALUES (560, '书\n', 1);
INSERT INTO `recyclable_waste` VALUES (561, '花生油桶\n', 1);
INSERT INTO `recyclable_waste` VALUES (562, '酸奶塑料瓶\n', 1);
INSERT INTO `recyclable_waste` VALUES (563, '麻布\n', 1);
INSERT INTO `recyclable_waste` VALUES (564, '水果包装纸箱\n', 1);
INSERT INTO `recyclable_waste` VALUES (565, '废旧塑料盒\n', 1);
INSERT INTO `recyclable_waste` VALUES (566, '装洗发水的塑料瓶\n', 1);
INSERT INTO `recyclable_waste` VALUES (567, '面霜罐子\n', 1);
INSERT INTO `recyclable_waste` VALUES (568, '空纸盒\n', 1);
INSERT INTO `recyclable_waste` VALUES (569, '导线\n', 1);
INSERT INTO `recyclable_waste` VALUES (570, '沐浴露塑料\n', 1);
INSERT INTO `recyclable_waste` VALUES (571, '木碗\n', 1);
INSERT INTO `recyclable_waste` VALUES (572, '面包机\n', 1);
INSERT INTO `recyclable_waste` VALUES (573, '沐浴露的塑料瓶\n', 1);
INSERT INTO `recyclable_waste` VALUES (574, '洗发水塑料瓶\n', 1);
INSERT INTO `recyclable_waste` VALUES (575, '玻璃碗\n', 1);
INSERT INTO `recyclable_waste` VALUES (576, '包装纸箱\n', 1);
INSERT INTO `recyclable_waste` VALUES (577, '旧报刊\n', 1);
INSERT INTO `recyclable_waste` VALUES (578, '纸皮\n', 1);
INSERT INTO `recyclable_waste` VALUES (579, '旧书本\n', 1);
INSERT INTO `recyclable_waste` VALUES (580, '书本纸\n', 1);
INSERT INTO `recyclable_waste` VALUES (581, '废塑料盒\n', 1);
INSERT INTO `recyclable_waste` VALUES (582, '写过的草稿纸\n', 1);
INSERT INTO `recyclable_waste` VALUES (583, '罐头盒\n', 1);
INSERT INTO `recyclable_waste` VALUES (584, '过期罐头\n', 1);
INSERT INTO `recyclable_waste` VALUES (585, '空罐头\n', 1);
INSERT INTO `recyclable_waste` VALUES (586, '肉罐头\n', 1);
INSERT INTO `recyclable_waste` VALUES (587, '金属罐头\n', 1);
INSERT INTO `recyclable_waste` VALUES (588, '金枪鱼罐头\n', 1);
INSERT INTO `recyclable_waste` VALUES (589, '废电线\n', 1);
INSERT INTO `recyclable_waste` VALUES (590, '废旧电线\n', 1);
INSERT INTO `recyclable_waste` VALUES (591, '手机充电线\n', 1);
INSERT INTO `recyclable_waste` VALUES (592, '可降解塑料\n', 1);
INSERT INTO `recyclable_waste` VALUES (593, '废弃电线\n', 1);
INSERT INTO `recyclable_waste` VALUES (594, '皮草\n', 1);
INSERT INTO `recyclable_waste` VALUES (595, '速食肉罐头\n', 1);
INSERT INTO `recyclable_waste` VALUES (596, '废旧纸箱\n', 1);
INSERT INTO `recyclable_waste` VALUES (597, '废纸箱\n', 1);
INSERT INTO `recyclable_waste` VALUES (598, '纸箱子\n', 1);
INSERT INTO `recyclable_waste` VALUES (599, '复印件报纸\n', 1);
INSERT INTO `recyclable_waste` VALUES (600, '废塑料\n', 1);
INSERT INTO `recyclable_waste` VALUES (601, '废书\n', 1);
INSERT INTO `recyclable_waste` VALUES (602, '打印过的废纸\n', 1);
INSERT INTO `recyclable_waste` VALUES (603, '废纸板\n', 1);
INSERT INTO `recyclable_waste` VALUES (604, '废纸张\n', 1);
INSERT INTO `recyclable_waste` VALUES (605, '干净的塑料\n', 1);
INSERT INTO `recyclable_waste` VALUES (606, '冷饮包装盒\n', 1);
INSERT INTO `recyclable_waste` VALUES (607, '旧棉被\n', 1);
INSERT INTO `recyclable_waste` VALUES (608, '废旧书\n', 1);
INSERT INTO `recyclable_waste` VALUES (609, '纸张\n', 1);
INSERT INTO `recyclable_waste` VALUES (610, '干净的塑料勺\n', 1);
INSERT INTO `recyclable_waste` VALUES (611, 'pe塑料盒\n', 1);
INSERT INTO `recyclable_waste` VALUES (612, '书籍\n', 1);
INSERT INTO `recyclable_waste` VALUES (613, '棉\n', 1);
INSERT INTO `recyclable_waste` VALUES (614, '旧报\n', 1);
INSERT INTO `recyclable_waste` VALUES (615, '棉袄\n', 1);
INSERT INTO `recyclable_waste` VALUES (616, '棉花胎\n', 1);
INSERT INTO `recyclable_waste` VALUES (617, '棉花垫被\n', 1);
INSERT INTO `recyclable_waste` VALUES (618, '棉袜\n', 1);
INSERT INTO `recyclable_waste` VALUES (619, '白纸\n', 1);
INSERT INTO `recyclable_waste` VALUES (620, '包装用纸\n', 1);
INSERT INTO `recyclable_waste` VALUES (621, '纸制糖果礼盒\n', 1);
INSERT INTO `recyclable_waste` VALUES (622, '食物托盘\n', 1);
INSERT INTO `recyclable_waste` VALUES (623, '食物油瓶\n', 1);
INSERT INTO `recyclable_waste` VALUES (624, '彩色塑料瓶\n', 1);
INSERT INTO `recyclable_waste` VALUES (625, '塑料瓶\n', 1);
INSERT INTO `recyclable_waste` VALUES (626, '水果纸箱\n', 1);
INSERT INTO `recyclable_waste` VALUES (627, '快递纸板\n', 1);
INSERT INTO `recyclable_waste` VALUES (628, '快递纸板箱\n', 1);
INSERT INTO `recyclable_waste` VALUES (629, '布面粉袋\n', 1);
INSERT INTO `recyclable_waste` VALUES (630, '废弃书包\n', 1);
INSERT INTO `recyclable_waste` VALUES (631, '破书包\n', 1);
INSERT INTO `recyclable_waste` VALUES (632, '纸袋\n', 1);
INSERT INTO `recyclable_waste` VALUES (633, '纸板\n', 1);
INSERT INTO `recyclable_waste` VALUES (634, '塑料水果盒\n', 1);
INSERT INTO `recyclable_waste` VALUES (635, '饼干罐\n', 1);
INSERT INTO `recyclable_waste` VALUES (636, '饼干铁盒\n', 1);
INSERT INTO `recyclable_waste` VALUES (637, '铁制饼干盒\n', 1);
INSERT INTO `recyclable_waste` VALUES (638, '茶叶盒\n', 1);
INSERT INTO `recyclable_waste` VALUES (639, '喝完的咖啡罐\n', 1);
INSERT INTO `recyclable_waste` VALUES (640, '胶囊咖啡盒\n', 1);
INSERT INTO `recyclable_waste` VALUES (641, '咖啡玻璃瓶\n', 1);
INSERT INTO `recyclable_waste` VALUES (642, '塑料鸡蛋盒\n', 1);
INSERT INTO `recyclable_waste` VALUES (643, '常温牛奶盒子\n', 1);
INSERT INTO `recyclable_waste` VALUES (644, '低温牛奶盒子\n', 1);
INSERT INTO `recyclable_waste` VALUES (645, '光明牛奶盒\n', 1);
INSERT INTO `recyclable_waste` VALUES (646, '利乐枕牛奶袋\n', 1);
INSERT INTO `recyclable_waste` VALUES (647, '塑料花瓶\n', 1);
INSERT INTO `recyclable_waste` VALUES (648, '洗发水罐\n', 1);
INSERT INTO `recyclable_waste` VALUES (649, '洗发水桶\n', 1);
INSERT INTO `recyclable_waste` VALUES (650, '洗发水空瓶\n', 1);
INSERT INTO `recyclable_waste` VALUES (651, '洗发水瓶子\n', 1);
INSERT INTO `recyclable_waste` VALUES (652, '布袋子\n', 1);
INSERT INTO `recyclable_waste` VALUES (653, '旧布料\n', 1);
INSERT INTO `recyclable_waste` VALUES (654, '废弃布包\n', 1);
INSERT INTO `recyclable_waste` VALUES (655, '碎布料\n', 1);
INSERT INTO `recyclable_waste` VALUES (656, '碎布料枕头\n', 1);
INSERT INTO `recyclable_waste` VALUES (657, '鞋\n', 1);
INSERT INTO `recyclable_waste` VALUES (658, '塑料油桶\n', 1);
INSERT INTO `recyclable_waste` VALUES (659, '废油桶\n', 1);
INSERT INTO `recyclable_waste` VALUES (660, '冰箱\n', 1);
INSERT INTO `recyclable_waste` VALUES (661, '废金属\n', 1);
INSERT INTO `recyclable_waste` VALUES (662, '金属刀片\n', 1);
INSERT INTO `recyclable_waste` VALUES (663, '金属丝\n', 1);
INSERT INTO `recyclable_waste` VALUES (664, '金属工具\n', 1);
INSERT INTO `recyclable_waste` VALUES (665, '金属瓶\n', 1);
INSERT INTO `recyclable_waste` VALUES (666, '金属锅\n', 1);
INSERT INTO `recyclable_waste` VALUES (667, '金属厨具\n', 1);
INSERT INTO `recyclable_waste` VALUES (668, '废旧纸张\n', 1);
INSERT INTO `recyclable_waste` VALUES (669, '废旧纸张本册\n', 1);
INSERT INTO `recyclable_waste` VALUES (670, '废弃纸张\n', 1);
INSERT INTO `recyclable_waste` VALUES (671, '受潮的纸张\n', 1);
INSERT INTO `recyclable_waste` VALUES (672, '利乐包\n', 1);
INSERT INTO `recyclable_waste` VALUES (673, '塑料盒子\n', 1);
INSERT INTO `recyclable_waste` VALUES (674, '施工安全帽\n', 1);
INSERT INTO `recyclable_waste` VALUES (675, '泡沫\n', 1);
INSERT INTO `recyclable_waste` VALUES (676, 'kt板\n', 1);
INSERT INTO `recyclable_waste` VALUES (677, '塑料积木\n', 1);
INSERT INTO `recyclable_waste` VALUES (678, '废玻璃制品\n', 1);
INSERT INTO `recyclable_waste` VALUES (679, '玻璃制品\n', 1);
INSERT INTO `recyclable_waste` VALUES (680, '玻璃摆件\n', 1);
INSERT INTO `recyclable_waste` VALUES (681, '碎玻璃\n', 1);
INSERT INTO `recyclable_waste` VALUES (682, '金属瓶罐\n', 1);
INSERT INTO `recyclable_waste` VALUES (683, '指甲剪\n', 1);
INSERT INTO `recyclable_waste` VALUES (684, '铁皮\n', 1);
INSERT INTO `recyclable_waste` VALUES (685, '衣服\n', 1);
INSERT INTO `recyclable_waste` VALUES (686, '废旧衣物\n', 1);
INSERT INTO `recyclable_waste` VALUES (687, '废织物\n', 1);
INSERT INTO `recyclable_waste` VALUES (688, '丝绸制品\n', 1);
INSERT INTO `recyclable_waste` VALUES (689, '插头\n', 1);
INSERT INTO `recyclable_waste` VALUES (690, '木制品\n', 1);
INSERT INTO `recyclable_waste` VALUES (691, '积木\n', 1);
INSERT INTO `recyclable_waste` VALUES (692, '硬盘\n', 1);
INSERT INTO `recyclable_waste` VALUES (693, '优盘\n', 1);
INSERT INTO `recyclable_waste` VALUES (694, '空调\n', 1);
INSERT INTO `recyclable_waste` VALUES (695, '床上用品\n', 1);
INSERT INTO `recyclable_waste` VALUES (696, '油瓶\n', 1);
INSERT INTO `recyclable_waste` VALUES (697, '购物纸袋\n', 1);
INSERT INTO `recyclable_waste` VALUES (698, '厚纸板\n', 1);
INSERT INTO `recyclable_waste` VALUES (699, '黄纸板\n', 1);
INSERT INTO `recyclable_waste` VALUES (700, '复印件纸板\n', 1);
INSERT INTO `recyclable_waste` VALUES (701, '铁\n', 1);
INSERT INTO `recyclable_waste` VALUES (702, '小米盒子\n', 1);
INSERT INTO `recyclable_waste` VALUES (703, '奶盒\n', 1);
INSERT INTO `recyclable_waste` VALUES (704, '牛奶盒子\n', 1);
INSERT INTO `recyclable_waste` VALUES (705, '玻璃杯子\n', 1);
INSERT INTO `recyclable_waste` VALUES (706, '玻璃灯罩\n', 1);
INSERT INTO `recyclable_waste` VALUES (707, '搪瓷\n', 1);
INSERT INTO `recyclable_waste` VALUES (708, '玻璃餐盒\n', 1);
INSERT INTO `recyclable_waste` VALUES (709, '玻璃餐具\n', 1);
INSERT INTO `recyclable_waste` VALUES (710, '玻璃尺\n', 1);
INSERT INTO `recyclable_waste` VALUES (711, '碎布\n', 1);
INSERT INTO `recyclable_waste` VALUES (712, '旧的运动鞋\n', 1);
INSERT INTO `recyclable_waste` VALUES (713, '旧鞋\n', 1);
INSERT INTO `recyclable_waste` VALUES (714, '旧运动鞋\n', 1);
INSERT INTO `recyclable_waste` VALUES (715, '塑料鞋\n', 1);
INSERT INTO `recyclable_waste` VALUES (716, '纸包装\n', 1);
INSERT INTO `recyclable_waste` VALUES (717, '旧冰箱\n', 1);
INSERT INTO `recyclable_waste` VALUES (718, 'IPHONE手机\n', 1);
INSERT INTO `recyclable_waste` VALUES (719, '废旧手机\n', 1);
INSERT INTO `recyclable_waste` VALUES (720, '废手机\n', 1);
INSERT INTO `recyclable_waste` VALUES (721, '坏手机\n', 1);
INSERT INTO `recyclable_waste` VALUES (722, '旧手机\n', 1);
INSERT INTO `recyclable_waste` VALUES (723, '苹果手机\n', 1);
INSERT INTO `recyclable_waste` VALUES (724, '玻璃饭盒\n', 1);
INSERT INTO `recyclable_waste` VALUES (725, '废打印纸\n', 1);
INSERT INTO `recyclable_waste` VALUES (726, '信封袋\n', 1);
INSERT INTO `recyclable_waste` VALUES (727, '快递信封\n', 1);
INSERT INTO `recyclable_waste` VALUES (728, '利乐包装盒\n', 1);
INSERT INTO `recyclable_waste` VALUES (729, '利乐包装\n', 1);
INSERT INTO `recyclable_waste` VALUES (730, '信封带\n', 1);
INSERT INTO `recyclable_waste` VALUES (731, '牛奶利乐包\n', 1);
INSERT INTO `recyclable_waste` VALUES (732, '铝\n', 1);
INSERT INTO `recyclable_waste` VALUES (733, '彩色打印纸\n', 1);
INSERT INTO `recyclable_waste` VALUES (734, '广告单页\n', 1);
INSERT INTO `recyclable_waste` VALUES (735, '塑料碗（盆）\n', 1);
INSERT INTO `recyclable_waste` VALUES (736, '塑料碗塑料盆\n', 1);
INSERT INTO `recyclable_waste` VALUES (737, '玩具\n', 1);
INSERT INTO `recyclable_waste` VALUES (738, '空的饮料瓶\n', 1);
INSERT INTO `recyclable_waste` VALUES (739, '废酒瓶\n', 1);
INSERT INTO `recyclable_waste` VALUES (740, '泡沫棉\n', 1);
INSERT INTO `recyclable_waste` VALUES (741, '酒瓶盖\n', 1);
INSERT INTO `recyclable_waste` VALUES (742, '酒瓶子\n', 1);
INSERT INTO `recyclable_waste` VALUES (743, '空酒瓶\n', 1);
INSERT INTO `recyclable_waste` VALUES (744, '空饮料瓶\n', 1);
INSERT INTO `recyclable_waste` VALUES (745, '黄酒瓶\n', 1);
INSERT INTO `recyclable_waste` VALUES (746, '泡沫盒\n', 1);
INSERT INTO `recyclable_waste` VALUES (747, '泡沫垃圾\n', 1);
INSERT INTO `recyclable_waste` VALUES (748, '玻璃酒瓶\n', 1);
INSERT INTO `recyclable_waste` VALUES (749, '亚克力\n', 1);
INSERT INTO `recyclable_waste` VALUES (750, '碎玻璃杯\n', 1);
INSERT INTO `recyclable_waste` VALUES (751, '破碎玻璃\n', 1);
INSERT INTO `recyclable_waste` VALUES (752, '碎玻璃瓶\n', 1);
INSERT INTO `recyclable_waste` VALUES (753, '电锅\n', 1);
INSERT INTO `recyclable_waste` VALUES (754, '废玻璃\n', 1);
INSERT INTO `recyclable_waste` VALUES (755, '不粘锅\n', 1);
INSERT INTO `recyclable_waste` VALUES (756, '铁皮盒\n', 1);
INSERT INTO `recyclable_waste` VALUES (757, '铁皮罐\n', 1);
INSERT INTO `recyclable_waste` VALUES (758, '铁锅\n', 1);
INSERT INTO `recyclable_waste` VALUES (759, '玻璃锅\n', 1);
INSERT INTO `recyclable_waste` VALUES (760, '铝质易拉罐\n', 1);
INSERT INTO `recyclable_waste` VALUES (761, '刮胡子刀片\n', 1);
INSERT INTO `recyclable_waste` VALUES (762, '破旧衣服\n', 1);
INSERT INTO `recyclable_waste` VALUES (763, '残旧衣服\n', 1);
INSERT INTO `recyclable_waste` VALUES (764, '废旧衣服\n', 1);
INSERT INTO `recyclable_waste` VALUES (765, '废衣服\n', 1);
INSERT INTO `recyclable_waste` VALUES (766, '旧衣物\n', 1);
INSERT INTO `recyclable_waste` VALUES (767, '衣物\n', 1);
INSERT INTO `recyclable_waste` VALUES (768, '废床单\n', 1);
INSERT INTO `recyclable_waste` VALUES (769, '旧床单\n', 1);
INSERT INTO `recyclable_waste` VALUES (770, '使用过的旧床单\n', 1);
INSERT INTO `recyclable_waste` VALUES (771, '长毛绒玩具\n', 1);
INSERT INTO `recyclable_waste` VALUES (772, '集成电路板\n', 1);
INSERT INTO `recyclable_waste` VALUES (773, '家用电器内的电路板\n', 1);
INSERT INTO `recyclable_waste` VALUES (774, '充电插头\n', 1);
INSERT INTO `recyclable_waste` VALUES (775, '木砧板\n', 1);
INSERT INTO `recyclable_waste` VALUES (776, '电路主板\n', 1);
INSERT INTO `recyclable_waste` VALUES (777, '午餐肉罐\n', 1);
INSERT INTO `recyclable_waste` VALUES (778, '笔盒\n', 1);
INSERT INTO `recyclable_waste` VALUES (779, '葡萄酒瓶\n', 1);
INSERT INTO `recyclable_waste` VALUES (780, '笔记本\n', 1);
INSERT INTO `recyclable_waste` VALUES (781, '废旧的笔记本电脑\n', 1);
INSERT INTO `recyclable_waste` VALUES (782, '废旧的被子\n', 1);
INSERT INTO `recyclable_waste` VALUES (783, '风扇\n', 1);
INSERT INTO `recyclable_waste` VALUES (784, '废洗衣机\n', 1);
INSERT INTO `recyclable_waste` VALUES (785, '废旧洗衣机\n', 1);
INSERT INTO `recyclable_waste` VALUES (786, '坏空调器\n', 1);
INSERT INTO `recyclable_waste` VALUES (787, '电话\n', 1);
INSERT INTO `recyclable_waste` VALUES (788, '电视\n', 1);
INSERT INTO `recyclable_waste` VALUES (789, '空调扇\n', 1);
INSERT INTO `recyclable_waste` VALUES (790, '旧电话机\n', 1);
INSERT INTO `recyclable_waste` VALUES (791, '电视机顶盒\n', 1);
INSERT INTO `recyclable_waste` VALUES (792, '废旧电视机\n', 1);
INSERT INTO `recyclable_waste` VALUES (793, '空调包装\n', 1);
INSERT INTO `recyclable_waste` VALUES (794, '坏电视机\n', 1);
INSERT INTO `recyclable_waste` VALUES (795, '空调两用风扇\n', 1);
INSERT INTO `recyclable_waste` VALUES (796, '旧耳机\n', 1);
INSERT INTO `recyclable_waste` VALUES (797, '废旧打印机\n', 1);
INSERT INTO `recyclable_waste` VALUES (798, '废弃打印机\n', 1);
INSERT INTO `recyclable_waste` VALUES (799, '电子温度计\n', 1);
INSERT INTO `recyclable_waste` VALUES (800, '快递盒子\n', 1);
INSERT INTO `recyclable_waste` VALUES (801, '鞋子\n', 1);
INSERT INTO `recyclable_waste` VALUES (802, '牛奶盒包装\n', 1);
INSERT INTO `recyclable_waste` VALUES (803, '洗干净的牛奶盒\n', 1);
INSERT INTO `recyclable_waste` VALUES (804, '玩偶\n', 1);
INSERT INTO `recyclable_waste` VALUES (805, '玻璃油瓶\n', 1);
INSERT INTO `recyclable_waste` VALUES (806, '食品铁盒\n', 1);
INSERT INTO `recyclable_waste` VALUES (807, '废铁\n', 1);
INSERT INTO `recyclable_waste` VALUES (808, '月饼铁盒\n', 1);
INSERT INTO `recyclable_waste` VALUES (809, '废铁锅\n', 1);
INSERT INTO `recyclable_waste` VALUES (810, '废铜烂铁\n', 1);
INSERT INTO `recyclable_waste` VALUES (811, '钢铁\n', 1);
INSERT INTO `recyclable_waste` VALUES (812, '破铁锅\n', 1);
INSERT INTO `recyclable_waste` VALUES (813, '玉镯\n', 1);
INSERT INTO `recyclable_waste` VALUES (814, '玻璃瓶罐\n', 1);
INSERT INTO `recyclable_waste` VALUES (815, '过期玻璃瓶\n', 1);
INSERT INTO `recyclable_waste` VALUES (816, '墨汁玻璃瓶\n', 1);
INSERT INTO `recyclable_waste` VALUES (817, '牛奶玻璃瓶\n', 1);
INSERT INTO `recyclable_waste` VALUES (818, '空玻璃瓶\n', 1);
INSERT INTO `recyclable_waste` VALUES (819, '啤酒玻璃瓶\n', 1);
INSERT INTO `recyclable_waste` VALUES (820, '纸包装盒\n', 1);
INSERT INTO `recyclable_waste` VALUES (821, '饮料纸包装\n', 1);
INSERT INTO `recyclable_waste` VALUES (822, '勺子\n', 1);
INSERT INTO `recyclable_waste` VALUES (823, '废铝\n', 1);
INSERT INTO `recyclable_waste` VALUES (824, '铝管\n', 1);
INSERT INTO `recyclable_waste` VALUES (825, '铝盆\n', 1);
INSERT INTO `recyclable_waste` VALUES (826, '电玩具\n', 1);
INSERT INTO `recyclable_waste` VALUES (827, '儿童电动玩具\n', 1);
INSERT INTO `recyclable_waste` VALUES (828, '儿童玩具\n', 1);
INSERT INTO `recyclable_waste` VALUES (829, '废旧玩具\n', 1);
INSERT INTO `recyclable_waste` VALUES (830, '合金玩具\n', 1);
INSERT INTO `recyclable_waste` VALUES (831, '坏了的玩具\n', 1);
INSERT INTO `recyclable_waste` VALUES (832, '木制玩具\n', 1);
INSERT INTO `recyclable_waste` VALUES (833, '贺卡\n', 1);
INSERT INTO `recyclable_waste` VALUES (834, '瓶盖\n', 1);
INSERT INTO `recyclable_waste` VALUES (835, '玻璃啤酒瓶\n', 1);
INSERT INTO `recyclable_waste` VALUES (836, '塑料啤酒瓶\n', 1);
INSERT INTO `recyclable_waste` VALUES (837, '破衣物\n', 1);
INSERT INTO `recyclable_waste` VALUES (838, '二手衣物\n', 1);
INSERT INTO `recyclable_waste` VALUES (839, '化纤衣物\n', 1);
INSERT INTO `recyclable_waste` VALUES (840, '纺织物\n', 1);
INSERT INTO `recyclable_waste` VALUES (841, '废弃衣物\n', 1);
INSERT INTO `recyclable_waste` VALUES (842, '废纺织物\n', 1);
INSERT INTO `recyclable_waste` VALUES (843, '长毛绒\n', 1);
INSERT INTO `recyclable_waste` VALUES (844, '家用电器\n', 1);
INSERT INTO `recyclable_waste` VALUES (845, '电器\n', 1);
INSERT INTO `recyclable_waste` VALUES (846, '塑料纽扣\n', 1);
INSERT INTO `recyclable_waste` VALUES (847, '电子体温计\n', 1);
INSERT INTO `recyclable_waste` VALUES (848, '布笔袋\n', 1);
INSERT INTO `recyclable_waste` VALUES (849, '塑料笔盒\n', 1);
INSERT INTO `recyclable_waste` VALUES (850, '金属铅笔盒\n', 1);
INSERT INTO `recyclable_waste` VALUES (851, '塑胶铅笔盒\n', 1);
INSERT INTO `recyclable_waste` VALUES (852, '塑料铅笔盒\n', 1);
INSERT INTO `recyclable_waste` VALUES (853, '铁制铅笔盒\n', 1);
INSERT INTO `recyclable_waste` VALUES (854, '文具铅笔盒\n', 1);
INSERT INTO `recyclable_waste` VALUES (855, '笔记本纸\n', 1);
INSERT INTO `recyclable_waste` VALUES (856, '电脑小音响\n', 1);
INSERT INTO `recyclable_waste` VALUES (857, '废电脑\n', 1);
INSERT INTO `recyclable_waste` VALUES (858, '电话手表\n', 1);
INSERT INTO `recyclable_waste` VALUES (859, '电话簿\n', 1);
INSERT INTO `recyclable_waste` VALUES (860, '行动电话\n', 1);
INSERT INTO `recyclable_waste` VALUES (861, '废电视\n', 1);
INSERT INTO `recyclable_waste` VALUES (862, '电脑配件\n', 1);
INSERT INTO `recyclable_waste` VALUES (863, '电脑设备\n', 1);
INSERT INTO `recyclable_waste` VALUES (864, '电脑屏幕\n', 1);
INSERT INTO `recyclable_waste` VALUES (865, '旧电视\n', 1);
INSERT INTO `recyclable_waste` VALUES (866, '液晶电视\n', 1);
INSERT INTO `recyclable_waste` VALUES (867, '墨盒\n', 1);
INSERT INTO `recyclable_waste` VALUES (868, '纸酸奶盒\n', 1);
INSERT INTO `recyclable_waste` VALUES (869, '纸质酸奶盒\n', 1);
INSERT INTO `recyclable_waste` VALUES (870, '尺子\n', 1);
INSERT INTO `recyclable_waste` VALUES (871, '铁尺\n', 1);
INSERT INTO `recyclable_waste` VALUES (872, '文具尺\n', 1);
INSERT INTO `recyclable_waste` VALUES (873, '不锈钢尺子\n', 1);
INSERT INTO `recyclable_waste` VALUES (874, '饮料铝罐\n', 1);
INSERT INTO `recyclable_waste` VALUES (875, '塑料剃须刀\n', 1);
INSERT INTO `recyclable_waste` VALUES (876, '废电器\n', 1);
INSERT INTO `recyclable_waste` VALUES (877, '旧电器\n', 1);
INSERT INTO `recyclable_waste` VALUES (878, '废旧电器\n', 1);
INSERT INTO `recyclable_waste` VALUES (879, '电器产品\n', 1);
INSERT INTO `recyclable_waste` VALUES (880, '屏幕\n', 1);
INSERT INTO `recyclable_waste` VALUES (881, '废墨盒\n', 1);
INSERT INTO `recyclable_waste` VALUES (882, '旧墨盒\n', 1);
INSERT INTO `recyclable_waste` VALUES (883, '打印墨盒\n', 1);
INSERT INTO `recyclable_waste` VALUES (884, '晒鼓墨盒\n', 1);
INSERT INTO `recyclable_waste` VALUES (885, '不锈钢\n', 1);
INSERT INTO `recyclable_waste` VALUES (886, '电灯\n', 1);
INSERT INTO `recyclable_waste` VALUES (887, '钨丝\n', 1);
INSERT INTO `recyclable_waste` VALUES (888, '浴霸灯\n', 1);
INSERT INTO `recyclable_waste` VALUES (889, '手机屏幕\n', 1);
INSERT INTO `recyclable_waste` VALUES (890, '塑料包装盒\n', 1);
INSERT INTO `recyclable_waste` VALUES (891, '不锈钢刀\n', 1);
INSERT INTO `recyclable_waste` VALUES (892, '不锈钢水杯\n', 1);
INSERT INTO `recyclable_waste` VALUES (893, '塑料杯子\n', 1);
INSERT INTO `recyclable_waste` VALUES (894, '塑料水杯\n', 1);
INSERT INTO `recyclable_waste` VALUES (895, '蛋黄饼包装盒\n', 1);
INSERT INTO `recyclable_waste` VALUES (896, '电子塑料包装\n', 1);
INSERT INTO `recyclable_waste` VALUES (897, '羽绒被\n', 1);
INSERT INTO `recyclable_waste` VALUES (898, '西装\n', 1);
INSERT INTO `recyclable_waste` VALUES (899, '烘手器\n', 1);
INSERT INTO `recyclable_waste` VALUES (900, '挂钟\n', 1);
INSERT INTO `recyclable_waste` VALUES (901, '皮衣\n', 1);
INSERT INTO `recyclable_waste` VALUES (902, '卫衣\n', 1);
INSERT INTO `recyclable_waste` VALUES (903, '美容仪\n', 1);
INSERT INTO `recyclable_waste` VALUES (904, '上衣\n', 1);
INSERT INTO `recyclable_waste` VALUES (905, '毛衣\n', 1);
INSERT INTO `recyclable_waste` VALUES (906, '木雕\n', 1);
INSERT INTO `recyclable_waste` VALUES (907, '遮阳帽\n', 1);
INSERT INTO `recyclable_waste` VALUES (908, '晾衣杆\n', 1);
INSERT INTO `recyclable_waste` VALUES (909, '领带\n', 1);
INSERT INTO `recyclable_waste` VALUES (910, '电源线\n', 1);
INSERT INTO `recyclable_waste` VALUES (911, '床罩\n', 1);
INSERT INTO `recyclable_waste` VALUES (912, '电热水器\n', 1);
INSERT INTO `recyclable_waste` VALUES (913, '包装箱\n', 1);
INSERT INTO `recyclable_waste` VALUES (914, 'cd机\n', 1);
INSERT INTO `recyclable_waste` VALUES (915, '剪子\n', 1);
INSERT INTO `recyclable_waste` VALUES (916, '脱水机\n', 1);
INSERT INTO `recyclable_waste` VALUES (917, '玩具熊\n', 1);
INSERT INTO `recyclable_waste` VALUES (918, '保险箱\n', 1);
INSERT INTO `recyclable_waste` VALUES (919, '果汁机\n', 1);
INSERT INTO `recyclable_waste` VALUES (920, '玻璃器皿\n', 1);
INSERT INTO `recyclable_waste` VALUES (921, '烘干机\n', 1);
INSERT INTO `recyclable_waste` VALUES (922, '戒指\n', 1);
INSERT INTO `recyclable_waste` VALUES (923, '饮水机\n', 1);
INSERT INTO `recyclable_waste` VALUES (924, '摄像机\n', 1);
INSERT INTO `recyclable_waste` VALUES (925, '窗帘\n', 1);
INSERT INTO `recyclable_waste` VALUES (926, '小家电\n', 1);
INSERT INTO `recyclable_waste` VALUES (927, '练习本\n', 1);
INSERT INTO `recyclable_waste` VALUES (928, '铁锤\n', 1);
INSERT INTO `recyclable_waste` VALUES (929, '耳套\n', 1);
INSERT INTO `recyclable_waste` VALUES (930, '烤箱\n', 1);
INSERT INTO `recyclable_waste` VALUES (931, '电饭锅\n', 1);
INSERT INTO `recyclable_waste` VALUES (932, '塑胶玩具\n', 1);
INSERT INTO `recyclable_waste` VALUES (933, '太阳能热水器\n', 1);
INSERT INTO `recyclable_waste` VALUES (934, '扑克\n', 1);
INSERT INTO `recyclable_waste` VALUES (935, '电热水袋\n', 1);
INSERT INTO `recyclable_waste` VALUES (936, '文具盒\n', 1);
INSERT INTO `recyclable_waste` VALUES (937, '防滑垫\n', 1);
INSERT INTO `recyclable_waste` VALUES (938, '旧裤子\n', 1);
INSERT INTO `recyclable_waste` VALUES (939, '防晒霜罐\n', 1);
INSERT INTO `recyclable_waste` VALUES (940, '奶粉盒子\n', 1);
INSERT INTO `recyclable_waste` VALUES (941, '木梳子\n', 1);
INSERT INTO `recyclable_waste` VALUES (942, '木制梳子\n', 1);
INSERT INTO `recyclable_waste` VALUES (943, '坏垃圾桶\n', 1);
INSERT INTO `recyclable_waste` VALUES (944, '旧塑料晾衣架\n', 1);
INSERT INTO `recyclable_waste` VALUES (945, '黑色垃圾桶\n', 1);
INSERT INTO `recyclable_waste` VALUES (946, '绿色垃圾桶\n', 1);
INSERT INTO `recyclable_waste` VALUES (947, '其他垃圾桶\n', 1);
INSERT INTO `recyclable_waste` VALUES (948, '塑料钟表\n', 1);
INSERT INTO `recyclable_waste` VALUES (949, '旧收音机\n', 1);
INSERT INTO `recyclable_waste` VALUES (950, '瘪掉的篮球\n', 1);
INSERT INTO `recyclable_waste` VALUES (951, '废旧的收音机\n', 1);
INSERT INTO `recyclable_waste` VALUES (952, '废旧收音机\n', 1);
INSERT INTO `recyclable_waste` VALUES (953, '废弃的收音机\n', 1);
INSERT INTO `recyclable_waste` VALUES (954, '旧音箱\n', 1);
INSERT INTO `recyclable_waste` VALUES (955, '木制音箱\n', 1);
INSERT INTO `recyclable_waste` VALUES (956, '氢气球充气钢瓶\n', 1);
INSERT INTO `recyclable_waste` VALUES (957, '牛皮\n', 1);
INSERT INTO `recyclable_waste` VALUES (958, '木筷子\n', 1);
INSERT INTO `recyclable_waste` VALUES (959, '塑料筷子\n', 1);
INSERT INTO `recyclable_waste` VALUES (960, '家电\n', 1);
INSERT INTO `recyclable_waste` VALUES (961, '电子游戏机\n', 1);
INSERT INTO `recyclable_waste` VALUES (962, '金属剪刀\n', 1);
INSERT INTO `recyclable_waste` VALUES (963, '塑料垫子\n', 1);
INSERT INTO `recyclable_waste` VALUES (964, '旧本子\n', 1);
INSERT INTO `recyclable_waste` VALUES (965, '金属订书机\n', 1);
INSERT INTO `recyclable_waste` VALUES (966, '废旧的手电筒\n', 1);
INSERT INTO `recyclable_waste` VALUES (967, '旧手电筒\n', 1);
INSERT INTO `recyclable_waste` VALUES (968, '废旧手电筒\n', 1);
INSERT INTO `recyclable_waste` VALUES (969, '废弃的手电筒\n', 1);
INSERT INTO `recyclable_waste` VALUES (970, '印刷品\n', 1);
INSERT INTO `recyclable_waste` VALUES (971, '坏台灯\n', 1);
INSERT INTO `recyclable_waste` VALUES (972, '废旧台灯\n', 1);
INSERT INTO `recyclable_waste` VALUES (973, '废地毯\n', 1);
INSERT INTO `recyclable_waste` VALUES (974, '护肤品空瓶\n', 1);
INSERT INTO `recyclable_waste` VALUES (975, '护手霜盒\n', 1);
INSERT INTO `recyclable_waste` VALUES (976, '护手霜盒子\n', 1);
INSERT INTO `recyclable_waste` VALUES (977, '洗衣粉盒\n', 1);
INSERT INTO `recyclable_waste` VALUES (978, '护手霜软管\n', 1);
INSERT INTO `recyclable_waste` VALUES (979, '洗衣粉瓶\n', 1);
INSERT INTO `recyclable_waste` VALUES (980, '羊毛毯\n', 1);
INSERT INTO `recyclable_waste` VALUES (981, '皮手套\n', 1);
INSERT INTO `recyclable_waste` VALUES (982, '塑胶手套\n', 1);
INSERT INTO `recyclable_waste` VALUES (983, '沐浴乳瓶罐\n', 1);
INSERT INTO `recyclable_waste` VALUES (984, '旧皮衣\n', 1);
INSERT INTO `recyclable_waste` VALUES (985, '玻璃盘子\n', 1);
INSERT INTO `recyclable_waste` VALUES (986, '废家电\n', 1);
INSERT INTO `recyclable_waste` VALUES (987, '旧家电\n', 1);
INSERT INTO `recyclable_waste` VALUES (988, '塑料垫\n', 1);
INSERT INTO `recyclable_waste` VALUES (989, '珍珠\n', 1);
INSERT INTO `recyclable_waste` VALUES (990, '科罗娜啤酒瓶\n', 1);
INSERT INTO `recyclable_waste` VALUES (991, '七喜塑料瓶\n', 1);
INSERT INTO `recyclable_waste` VALUES (992, '纸质包装盒\n', 1);
INSERT INTO `recyclable_waste` VALUES (993, '插排\n', 1);
INSERT INTO `recyclable_waste` VALUES (994, '碎玻璃器皿\n', 1);
INSERT INTO `recyclable_waste` VALUES (995, '计算机\n', 1);
INSERT INTO `recyclable_waste` VALUES (996, '布绒玩具\n', 1);
INSERT INTO `recyclable_waste` VALUES (997, '有机玻璃制品\n', 1);
INSERT INTO `recyclable_waste` VALUES (998, '牛奶包装盒\n', 1);
INSERT INTO `recyclable_waste` VALUES (999, '蚊香包装盒\n', 1);
INSERT INTO `recyclable_waste` VALUES (1000, '手机数据线\n', 1);
INSERT INTO `recyclable_waste` VALUES (1001, '白色泡沫板\n', 1);
INSERT INTO `recyclable_waste` VALUES (1002, '塑料板\n', 1);
INSERT INTO `recyclable_waste` VALUES (1003, '不锈钢叉子\n', 1);
INSERT INTO `recyclable_waste` VALUES (1004, '电子产品\n', 1);
INSERT INTO `recyclable_waste` VALUES (1005, '废旧泡沫塑料\n', 1);
INSERT INTO `recyclable_waste` VALUES (1006, '玻璃片\n', 1);
INSERT INTO `recyclable_waste` VALUES (1007, '塑料包装瓶\n', 1);
INSERT INTO `recyclable_waste` VALUES (1008, '奶粉罐头\n', 1);
INSERT INTO `recyclable_waste` VALUES (1009, '数据线包装盒\n', 1);
INSERT INTO `recyclable_waste` VALUES (1010, '豆瓣酱玻璃瓶\n', 1);
INSERT INTO `recyclable_waste` VALUES (1011, '震动棒\n', 1);
INSERT INTO `recyclable_waste` VALUES (1012, '咳嗽糖浆玻璃瓶\n', 1);
INSERT INTO `recyclable_waste` VALUES (1013, '补品玻璃瓶\n', 1);
INSERT INTO `recyclable_waste` VALUES (1014, '过期孕妇护肤品\n', 1);
INSERT INTO `recyclable_waste` VALUES (1015, '相片\n', 1);
INSERT INTO `recyclable_waste` VALUES (1016, '酵素玻璃瓶\n', 1);

-- ----------------------------
-- Table structure for replay
-- ----------------------------
DROP TABLE IF EXISTS `replay`;
CREATE TABLE `replay`  (
  `replayId` int(9) NOT NULL AUTO_INCREMENT COMMENT '回复编号',
  `title` varchar(20) CHARACTER SET utf8 COLLATE utf8_bin NULL DEFAULT NULL COMMENT '标题',
  `content` varchar(255) CHARACTER SET utf8 COLLATE utf8_bin NULL DEFAULT NULL COMMENT '内容',
  `time` datetime(0) NULL DEFAULT NULL ON UPDATE CURRENT_TIMESTAMP(0) COMMENT '回复时间',
  PRIMARY KEY (`replayId`) USING BTREE
) ENGINE = InnoDB CHARACTER SET = utf8 COLLATE = utf8_bin COMMENT = '回复表' ROW_FORMAT = Dynamic;

-- ----------------------------
-- Table structure for residual_waste
-- ----------------------------
DROP TABLE IF EXISTS `residual_waste`;
CREATE TABLE `residual_waste`  (
  `id` int(11) NOT NULL AUTO_INCREMENT,
  `resname` varchar(255) CHARACTER SET utf8 COLLATE utf8_general_ci NULL DEFAULT NULL,
  `sorted` int(3) NULL DEFAULT NULL,
  PRIMARY KEY (`id`) USING BTREE
) ENGINE = InnoDB AUTO_INCREMENT = 1263 CHARACTER SET = utf8 COLLATE = utf8_general_ci ROW_FORMAT = Dynamic;

-- ----------------------------
-- Records of residual_waste
-- ----------------------------
INSERT INTO `residual_waste` VALUES (1, '骨头\n', 7);
INSERT INTO `residual_waste` VALUES (2, '可降解垃圾袋\n', 7);
INSERT INTO `residual_waste` VALUES (3, '可降解吸管\n', 7);
INSERT INTO `residual_waste` VALUES (4, '开心果\n', 7);
INSERT INTO `residual_waste` VALUES (5, '榴莲\n', 7);
INSERT INTO `residual_waste` VALUES (6, '牛油果核\n', 7);
INSERT INTO `residual_waste` VALUES (7, '肉骨头\n', 7);
INSERT INTO `residual_waste` VALUES (8, '扇贝壳\n', 7);
INSERT INTO `residual_waste` VALUES (9, '松子\n', 7);
INSERT INTO `residual_waste` VALUES (10, '松子壳\n', 7);
INSERT INTO `residual_waste` VALUES (11, '玉米塑料袋\n', 7);
INSERT INTO `residual_waste` VALUES (12, '树脂\n', 7);
INSERT INTO `residual_waste` VALUES (13, '生石灰\n', 7);
INSERT INTO `residual_waste` VALUES (14, '药膏\n', 7);
INSERT INTO `residual_waste` VALUES (15, '药片包装\n', 7);
INSERT INTO `residual_waste` VALUES (16, '油漆笔\n', 7);
INSERT INTO `residual_waste` VALUES (17, '医用手套\n', 7);
INSERT INTO `residual_waste` VALUES (18, '针管\n', 7);
INSERT INTO `residual_waste` VALUES (19, '针头\n', 7);
INSERT INTO `residual_waste` VALUES (20, '针筒\n', 7);
INSERT INTO `residual_waste` VALUES (21, '502胶水\n', 7);
INSERT INTO `residual_waste` VALUES (22, '安全套\n', 7);
INSERT INTO `residual_waste` VALUES (23, '白板笔\n', 7);
INSERT INTO `residual_waste` VALUES (24, '冰宝贴\n', 7);
INSERT INTO `residual_waste` VALUES (25, '冰棒外包装\n', 7);
INSERT INTO `residual_waste` VALUES (26, '冰袋\n', 7);
INSERT INTO `residual_waste` VALUES (27, '笔袋\n', 7);
INSERT INTO `residual_waste` VALUES (28, '棒骨\n', 7);
INSERT INTO `residual_waste` VALUES (29, '饼干包装袋\n', 7);
INSERT INTO `residual_waste` VALUES (30, '饼干袋\n', 7);
INSERT INTO `residual_waste` VALUES (31, '碧根果壳\n', 7);
INSERT INTO `residual_waste` VALUES (32, '包裹着狗屎的塑料袋\n', 7);
INSERT INTO `residual_waste` VALUES (33, '包裹着口香糖的纸巾\n', 7);
INSERT INTO `residual_waste` VALUES (34, '包裹着猫屎的塑料袋\n', 7);
INSERT INTO `residual_waste` VALUES (35, '笔壳\n', 7);
INSERT INTO `residual_waste` VALUES (36, '贝壳\n', 7);
INSERT INTO `residual_waste` VALUES (37, '玻璃胶\n', 7);
INSERT INTO `residual_waste` VALUES (38, '菠萝蜜核\n', 7);
INSERT INTO `residual_waste` VALUES (39, '便利贴\n', 7);
INSERT INTO `residual_waste` VALUES (40, '鼻毛\n', 7);
INSERT INTO `residual_waste` VALUES (41, '鞭炮\n', 7);
INSERT INTO `residual_waste` VALUES (42, '标签\n', 7);
INSERT INTO `residual_waste` VALUES (43, '滤芯\n', 7);
INSERT INTO `residual_waste` VALUES (44, '鼻屎\n', 7);
INSERT INTO `residual_waste` VALUES (45, '鼻涕纸\n', 7);
INSERT INTO `residual_waste` VALUES (46, '被污染的垃圾袋\n', 7);
INSERT INTO `residual_waste` VALUES (47, '保鲜袋\n', 7);
INSERT INTO `residual_waste` VALUES (48, '保鲜膜\n', 7);
INSERT INTO `residual_waste` VALUES (49, '鲍鱼壳\n', 7);
INSERT INTO `residual_waste` VALUES (50, '避孕套\n', 7);
INSERT INTO `residual_waste` VALUES (51, '避孕套包装\n', 7);
INSERT INTO `residual_waste` VALUES (52, '爆竹\n', 7);
INSERT INTO `residual_waste` VALUES (53, '便纸\n', 7);
INSERT INTO `residual_waste` VALUES (54, '别针\n', 7);
INSERT INTO `residual_waste` VALUES (55, '编织袋\n', 7);
INSERT INTO `residual_waste` VALUES (56, '茶包\n', 7);
INSERT INTO `residual_waste` VALUES (57, '彩笔\n', 7);
INSERT INTO `residual_waste` VALUES (58, '磁带\n', 7);
INSERT INTO `residual_waste` VALUES (59, '尺\n', 7);
INSERT INTO `residual_waste` VALUES (60, '厨房用纸\n', 7);
INSERT INTO `residual_waste` VALUES (61, '厨房纸巾\n', 7);
INSERT INTO `residual_waste` VALUES (62, '茶壶\n', 7);
INSERT INTO `residual_waste` VALUES (63, '唱片\n', 7);
INSERT INTO `residual_waste` VALUES (64, '除湿剂\n', 7);
INSERT INTO `residual_waste` VALUES (65, '超市塑料袋\n', 7);
INSERT INTO `residual_waste` VALUES (66, '茶叶包\n', 7);
INSERT INTO `residual_waste` VALUES (67, '抽纸塑料袋\n', 7);
INSERT INTO `residual_waste` VALUES (68, '创口贴\n', 7);
INSERT INTO `residual_waste` VALUES (69, '瓷器碎片\n', 7);
INSERT INTO `residual_waste` VALUES (70, '擦手巾\n', 7);
INSERT INTO `residual_waste` VALUES (71, '擦手纸\n', 7);
INSERT INTO `residual_waste` VALUES (72, '宠物毛\n', 7);
INSERT INTO `residual_waste` VALUES (73, '草席\n', 7);
INSERT INTO `residual_waste` VALUES (74, '草纸\n', 7);
INSERT INTO `residual_waste` VALUES (75, '彩妆\n', 7);
INSERT INTO `residual_waste` VALUES (76, '打包盒\n', 7);
INSERT INTO `residual_waste` VALUES (77, '豆腐盒\n', 7);
INSERT INTO `residual_waste` VALUES (78, '蛋糕盒\n', 7);
INSERT INTO `residual_waste` VALUES (79, '打火机\n', 7);
INSERT INTO `residual_waste` VALUES (80, '豆浆袋\n', 7);
INSERT INTO `residual_waste` VALUES (81, '大米袋\n', 7);
INSERT INTO `residual_waste` VALUES (82, '碟片\n', 7);
INSERT INTO `residual_waste` VALUES (83, '袋泡茶\n', 7);
INSERT INTO `residual_waste` VALUES (84, '订书钉\n', 7);
INSERT INTO `residual_waste` VALUES (85, '订书钉机\n', 7);
INSERT INTO `residual_waste` VALUES (86, '订书针\n', 7);
INSERT INTO `residual_waste` VALUES (87, '动物毛\n', 7);
INSERT INTO `residual_waste` VALUES (88, '电蚊香片\n', 7);
INSERT INTO `residual_waste` VALUES (89, '电蚊香夜瓶\n', 7);
INSERT INTO `residual_waste` VALUES (90, '带有婴儿粪便的尿不湿\n', 7);
INSERT INTO `residual_waste` VALUES (91, '带有婴儿粪便的纸尿裤\n', 7);
INSERT INTO `residual_waste` VALUES (92, '耳屎\n', 7);
INSERT INTO `residual_waste` VALUES (93, '粉笔\n', 7);
INSERT INTO `residual_waste` VALUES (94, '粉饼\n', 7);
INSERT INTO `residual_waste` VALUES (95, '方便面盒\n', 7);
INSERT INTO `residual_waste` VALUES (96, '方便面桶\n', 7);
INSERT INTO `residual_waste` VALUES (97, '粉底\n', 7);
INSERT INTO `residual_waste` VALUES (98, '防腐剂\n', 7);
INSERT INTO `residual_waste` VALUES (99, '发胶\n', 7);
INSERT INTO `residual_waste` VALUES (100, '飞机杯\n', 7);
INSERT INTO `residual_waste` VALUES (101, '发蜡\n', 7);
INSERT INTO `residual_waste` VALUES (102, '肥料\n', 7);
INSERT INTO `residual_waste` VALUES (103, '发票\n', 7);
INSERT INTO `residual_waste` VALUES (104, '防晒霜\n', 7);
INSERT INTO `residual_waste` VALUES (105, '防碎气泡膜\n', 7);
INSERT INTO `residual_waste` VALUES (106, '封箱带\n', 7);
INSERT INTO `residual_waste` VALUES (107, '复写纸\n', 7);
INSERT INTO `residual_waste` VALUES (108, '肥皂\n', 7);
INSERT INTO `residual_waste` VALUES (109, '钢笔\n', 7);
INSERT INTO `residual_waste` VALUES (110, '干冰袋\n', 7);
INSERT INTO `residual_waste` VALUES (111, '光碟\n', 7);
INSERT INTO `residual_waste` VALUES (112, '挂耳咖啡\n', 7);
INSERT INTO `residual_waste` VALUES (113, '干净无油食品包装袋\n', 7);
INSERT INTO `residual_waste` VALUES (114, '百洁布\n', 7);
INSERT INTO `residual_waste` VALUES (115, '蛤蜊壳\n', 7);
INSERT INTO `residual_waste` VALUES (116, '狗毛\n', 7);
INSERT INTO `residual_waste` VALUES (117, '光盘\n', 7);
INSERT INTO `residual_waste` VALUES (118, '过期护肤品\n', 7);
INSERT INTO `residual_waste` VALUES (119, '过期化妆品\n', 7);
INSERT INTO `residual_waste` VALUES (120, '过期口红\n', 7);
INSERT INTO `residual_waste` VALUES (121, '钢丝球\n', 7);
INSERT INTO `residual_waste` VALUES (122, '固体胶\n', 7);
INSERT INTO `residual_waste` VALUES (123, '甘蔗皮\n', 7);
INSERT INTO `residual_waste` VALUES (124, '干燥剂\n', 7);
INSERT INTO `residual_waste` VALUES (125, '画笔\n', 7);
INSERT INTO `residual_waste` VALUES (126, '红笔\n', 7);
INSERT INTO `residual_waste` VALUES (127, '灰尘\n', 7);
INSERT INTO `residual_waste` VALUES (128, '火柴\n', 7);
INSERT INTO `residual_waste` VALUES (129, '坏的花盆\n', 7);
INSERT INTO `residual_waste` VALUES (130, '海胆壳\n', 7);
INSERT INTO `residual_waste` VALUES (131, '护肤品\n', 7);
INSERT INTO `residual_waste` VALUES (132, '花蛤壳\n', 7);
INSERT INTO `residual_waste` VALUES (133, '海螺壳\n', 7);
INSERT INTO `residual_waste` VALUES (134, '海绵\n', 7);
INSERT INTO `residual_waste` VALUES (135, '花泥\n', 7);
INSERT INTO `residual_waste` VALUES (136, '花盆\n', 7);
INSERT INTO `residual_waste` VALUES (137, '护手霜\n', 7);
INSERT INTO `residual_waste` VALUES (138, '灰土\n', 7);
INSERT INTO `residual_waste` VALUES (139, '核桃壳\n', 7);
INSERT INTO `residual_waste` VALUES (140, '活性炭\n', 7);
INSERT INTO `residual_waste` VALUES (141, '回形针\n', 7);
INSERT INTO `residual_waste` VALUES (142, '徽章\n', 7);
INSERT INTO `residual_waste` VALUES (143, '化妆棉\n', 7);
INSERT INTO `residual_waste` VALUES (144, '化妆刷\n', 7);
INSERT INTO `residual_waste` VALUES (145, '胶棒\n', 7);
INSERT INTO `residual_waste` VALUES (146, '胶布\n', 7);
INSERT INTO `residual_waste` VALUES (147, '卷笔刀\n', 7);
INSERT INTO `residual_waste` VALUES (148, '胶带\n', 7);
INSERT INTO `residual_waste` VALUES (149, '胶带纸\n', 7);
INSERT INTO `residual_waste` VALUES (150, '假发\n', 7);
INSERT INTO `residual_waste` VALUES (151, '坚果壳\n', 7);
INSERT INTO `residual_waste` VALUES (152, '浆糊\n', 7);
INSERT INTO `residual_waste` VALUES (153, '记号笔\n', 7);
INSERT INTO `residual_waste` VALUES (154, '净化器滤芯\n', 7);
INSERT INTO `residual_waste` VALUES (155, '假睫毛\n', 7);
INSERT INTO `residual_waste` VALUES (156, '酒精棉花\n', 7);
INSERT INTO `residual_waste` VALUES (157, '假睫毛胶水\n', 7);
INSERT INTO `residual_waste` VALUES (158, '酒精棉片\n', 7);
INSERT INTO `residual_waste` VALUES (159, '酒精棉球\n', 7);
INSERT INTO `residual_waste` VALUES (160, '旧镜子\n', 7);
INSERT INTO `residual_waste` VALUES (161, '鸡毛\n', 7);
INSERT INTO `residual_waste` VALUES (162, '睫毛膏\n', 7);
INSERT INTO `residual_waste` VALUES (163, '旧毛巾\n', 7);
INSERT INTO `residual_waste` VALUES (164, '胶囊咖啡\n', 7);
INSERT INTO `residual_waste` VALUES (165, '旧内衣\n', 7);
INSERT INTO `residual_waste` VALUES (166, '脚皮\n', 7);
INSERT INTO `residual_waste` VALUES (167, '胶水\n', 7);
INSERT INTO `residual_waste` VALUES (168, '卷筒纸包装\n', 7);
INSERT INTO `residual_waste` VALUES (169, '碱性电池\n', 7);
INSERT INTO `residual_waste` VALUES (170, '假牙\n', 7);
INSERT INTO `residual_waste` VALUES (171, '甲鱼壳\n', 7);
INSERT INTO `residual_waste` VALUES (172, '旧牙刷\n', 7);
INSERT INTO `residual_waste` VALUES (173, '镜子\n', 7);
INSERT INTO `residual_waste` VALUES (174, '胶纸\n', 7);
INSERT INTO `residual_waste` VALUES (175, '快餐盒\n', 7);
INSERT INTO `residual_waste` VALUES (176, '快递包装袋\n', 7);
INSERT INTO `residual_waste` VALUES (177, '快递袋\n', 7);
INSERT INTO `residual_waste` VALUES (178, '咖啡杯杯盖\n', 7);
INSERT INTO `residual_waste` VALUES (179, '咖啡胶囊\n', 7);
INSERT INTO `residual_waste` VALUES (180, '咖啡滤纸\n', 7);
INSERT INTO `residual_waste` VALUES (181, '口红\n', 7);
INSERT INTO `residual_waste` VALUES (182, '开心果壳\n', 7);
INSERT INTO `residual_waste` VALUES (183, '口香糖\n', 7);
INSERT INTO `residual_waste` VALUES (184, '筷子\n', 7);
INSERT INTO `residual_waste` VALUES (185, '口罩\n', 7);
INSERT INTO `residual_waste` VALUES (186, '蜡笔\n', 7);
INSERT INTO `residual_waste` VALUES (187, '垃圾袋\n', 7);
INSERT INTO `residual_waste` VALUES (188, '拉链\n', 7);
INSERT INTO `residual_waste` VALUES (189, '榴莲核\n', 7);
INSERT INTO `residual_waste` VALUES (190, '榴莲壳\n', 7);
INSERT INTO `residual_waste` VALUES (191, '零食包装袋\n', 7);
INSERT INTO `residual_waste` VALUES (192, '辣条包装袋\n', 7);
INSERT INTO `residual_waste` VALUES (193, '滤网\n', 7);
INSERT INTO `residual_waste` VALUES (194, '芦苇叶\n', 7);
INSERT INTO `residual_waste` VALUES (195, '凉席\n', 7);
INSERT INTO `residual_waste` VALUES (196, '冷饮\n', 7);
INSERT INTO `residual_waste` VALUES (197, '冷饮棒\n', 7);
INSERT INTO `residual_waste` VALUES (198, '冷饮包装纸\n', 7);
INSERT INTO `residual_waste` VALUES (199, '蜡烛\n', 7);
INSERT INTO `residual_waste` VALUES (200, '炉渣\n', 7);
INSERT INTO `residual_waste` VALUES (201, '毛笔\n', 7);
INSERT INTO `residual_waste` VALUES (202, '棉棒\n', 7);
INSERT INTO `residual_waste` VALUES (203, '眉笔\n', 7);
INSERT INTO `residual_waste` VALUES (204, '抹布\n', 7);
INSERT INTO `residual_waste` VALUES (205, '面包袋\n', 7);
INSERT INTO `residual_waste` VALUES (206, '麻袋\n', 7);
INSERT INTO `residual_waste` VALUES (207, '魔方\n', 7);
INSERT INTO `residual_waste` VALUES (208, '毛发\n', 7);
INSERT INTO `residual_waste` VALUES (209, '密封袋\n', 7);
INSERT INTO `residual_waste` VALUES (210, '棉花\n', 7);
INSERT INTO `residual_waste` VALUES (211, '棉花棒\n', 7);
INSERT INTO `residual_waste` VALUES (212, '棉花球\n', 7);
INSERT INTO `residual_waste` VALUES (213, '墨镜\n', 7);
INSERT INTO `residual_waste` VALUES (214, '马夹袋\n', 7);
INSERT INTO `residual_waste` VALUES (215, '面巾纸\n', 7);
INSERT INTO `residual_waste` VALUES (216, '面巾纸包装纸\n', 7);
INSERT INTO `residual_waste` VALUES (217, '马克笔\n', 7);
INSERT INTO `residual_waste` VALUES (218, '牡蛎壳\n', 7);
INSERT INTO `residual_waste` VALUES (219, '猫毛\n', 7);
INSERT INTO `residual_waste` VALUES (220, '面膜\n', 7);
INSERT INTO `residual_waste` VALUES (221, '面膜包装纸\n', 7);
INSERT INTO `residual_waste` VALUES (222, '墨囊\n', 7);
INSERT INTO `residual_waste` VALUES (223, '棉球\n', 7);
INSERT INTO `residual_waste` VALUES (224, '棉签\n', 7);
INSERT INTO `residual_waste` VALUES (225, '棉柔巾\n', 7);
INSERT INTO `residual_waste` VALUES (226, '麻绳\n', 7);
INSERT INTO `residual_waste` VALUES (227, '棉绳\n', 7);
INSERT INTO `residual_waste` VALUES (228, '美瞳\n', 7);
INSERT INTO `residual_waste` VALUES (229, '面条包装袋\n', 7);
INSERT INTO `residual_waste` VALUES (230, '马桶刷\n', 7);
INSERT INTO `residual_waste` VALUES (231, '棉线\n', 7);
INSERT INTO `residual_waste` VALUES (232, '木屑\n', 7);
INSERT INTO `residual_waste` VALUES (233, '面纸\n', 7);
INSERT INTO `residual_waste` VALUES (234, '泥巴\n', 7);
INSERT INTO `residual_waste` VALUES (235, '暖宝宝\n', 7);
INSERT INTO `residual_waste` VALUES (236, '奶茶杯\n', 7);
INSERT INTO `residual_waste` VALUES (237, '奶茶纸杯\n', 7);
INSERT INTO `residual_waste` VALUES (238, '尿垫\n', 7);
INSERT INTO `residual_waste` VALUES (239, '牛骨\n', 7);
INSERT INTO `residual_waste` VALUES (240, '牛骨头\n', 7);
INSERT INTO `residual_waste` VALUES (241, '内裤\n', 7);
INSERT INTO `residual_waste` VALUES (242, '纽扣\n', 7);
INSERT INTO `residual_waste` VALUES (243, '尼龙制品\n', 7);
INSERT INTO `residual_waste` VALUES (244, '牛奶袋\n', 7);
INSERT INTO `residual_waste` VALUES (245, '尿片\n', 7);
INSERT INTO `residual_waste` VALUES (246, '牛排包装\n', 7);
INSERT INTO `residual_waste` VALUES (247, '牛肉骨头\n', 7);
INSERT INTO `residual_waste` VALUES (248, '粘鼠板\n', 7);
INSERT INTO `residual_waste` VALUES (249, '内衣\n', 7);
INSERT INTO `residual_waste` VALUES (250, '粘纸\n', 7);
INSERT INTO `residual_waste` VALUES (251, '膨化食品包装袋\n', 7);
INSERT INTO `residual_waste` VALUES (252, '泡面调料包\n', 7);
INSERT INTO `residual_waste` VALUES (253, '泡沫饭盒\n', 7);
INSERT INTO `residual_waste` VALUES (254, '泡面桶\n', 7);
INSERT INTO `residual_waste` VALUES (255, '乒乓球\n', 7);
INSERT INTO `residual_waste` VALUES (256, '泡泡糖\n', 7);
INSERT INTO `residual_waste` VALUES (257, '披萨盒\n', 7);
INSERT INTO `residual_waste` VALUES (258, '铅笔\n', 7);
INSERT INTO `residual_waste` VALUES (259, '铅笔芯\n', 7);
INSERT INTO `residual_waste` VALUES (260, '铅笔屑\n', 7);
INSERT INTO `residual_waste` VALUES (261, '曲别针\n', 7);
INSERT INTO `residual_waste` VALUES (262, '气泡袋\n', 7);
INSERT INTO `residual_waste` VALUES (263, '气泡纸\n', 7);
INSERT INTO `residual_waste` VALUES (264, '气球\n', 7);
INSERT INTO `residual_waste` VALUES (265, '氢气球\n', 7);
INSERT INTO `residual_waste` VALUES (266, '驱蚊香片\n', 7);
INSERT INTO `residual_waste` VALUES (267, '签字笔\n', 7);
INSERT INTO `residual_waste` VALUES (268, '润唇膏\n', 7);
INSERT INTO `residual_waste` VALUES (269, '软木塞\n', 7);
INSERT INTO `residual_waste` VALUES (270, '瑞幸咖啡杯\n', 7);
INSERT INTO `residual_waste` VALUES (271, '扫把\n', 7);
INSERT INTO `residual_waste` VALUES (272, '水笔\n', 7);
INSERT INTO `residual_waste` VALUES (273, '水彩笔\n', 7);
INSERT INTO `residual_waste` VALUES (274, '水彩颜料\n', 7);
INSERT INTO `residual_waste` VALUES (275, '盛放厨余果皮的垃圾袋\n', 7);
INSERT INTO `residual_waste` VALUES (276, '塑料袋\n', 7);
INSERT INTO `residual_waste` VALUES (277, '纱布\n', 7);
INSERT INTO `residual_waste` VALUES (278, '鼠标垫\n', 7);
INSERT INTO `residual_waste` VALUES (279, '水笔芯\n', 7);
INSERT INTO `residual_waste` VALUES (280, '纱窗\n', 7);
INSERT INTO `residual_waste` VALUES (281, '湿厕纸\n', 7);
INSERT INTO `residual_waste` VALUES (282, '水粉颜料\n', 7);
INSERT INTO `residual_waste` VALUES (283, '砂锅\n', 7);
INSERT INTO `residual_waste` VALUES (284, '石膏\n', 7);
INSERT INTO `residual_waste` VALUES (285, '湿灰尘\n', 7);
INSERT INTO `residual_waste` VALUES (286, '生蚝壳\n', 7);
INSERT INTO `residual_waste` VALUES (287, '湿海绵\n', 7);
INSERT INTO `residual_waste` VALUES (288, '手机壳\n', 7);
INSERT INTO `residual_waste` VALUES (289, '手机膜\n', 7);
INSERT INTO `residual_waste` VALUES (290, '双面胶\n', 7);
INSERT INTO `residual_waste` VALUES (291, '湿面巾纸\n', 7);
INSERT INTO `residual_waste` VALUES (292, '手帕\n', 7);
INSERT INTO `residual_waste` VALUES (293, '食品保鲜袋\n', 7);
INSERT INTO `residual_waste` VALUES (294, '薯片包装袋\n', 7);
INSERT INTO `residual_waste` VALUES (295, '薯片袋\n', 7);
INSERT INTO `residual_waste` VALUES (296, '食品干燥剂\n', 7);
INSERT INTO `residual_waste` VALUES (297, '薯片盒\n', 7);
INSERT INTO `residual_waste` VALUES (298, '食品密封袋\n', 7);
INSERT INTO `residual_waste` VALUES (299, '食品塑料盒\n', 7);
INSERT INTO `residual_waste` VALUES (300, '湿塑料袋\n', 7);
INSERT INTO `residual_waste` VALUES (301, '湿头发\n', 7);
INSERT INTO `residual_waste` VALUES (302, '湿卫生纸\n', 7);
INSERT INTO `residual_waste` VALUES (303, '使用过的安全套\n', 7);
INSERT INTO `residual_waste` VALUES (304, '使用过的卫生巾\n', 7);
INSERT INTO `residual_waste` VALUES (305, '扇子\n', 7);
INSERT INTO `residual_waste` VALUES (306, '手指甲\n', 7);
INSERT INTO `residual_waste` VALUES (307, '湿纸巾包装\n', 7);
INSERT INTO `residual_waste` VALUES (308, '湿纸巾包装袋\n', 7);
INSERT INTO `residual_waste` VALUES (309, '湿巾纸\n', 7);
INSERT INTO `residual_waste` VALUES (310, '塑料薄膜\n', 7);
INSERT INTO `residual_waste` VALUES (311, '塑料叉子\n', 7);
INSERT INTO `residual_waste` VALUES (312, '塑料带\n', 7);
INSERT INTO `residual_waste` VALUES (313, '塑料打包盒\n', 7);
INSERT INTO `residual_waste` VALUES (314, '塑料花\n', 7);
INSERT INTO `residual_waste` VALUES (315, '湿垃圾袋\n', 7);
INSERT INTO `residual_waste` VALUES (316, '塑料垃圾袋\n', 7);
INSERT INTO `residual_waste` VALUES (317, '塑料勺\n', 7);
INSERT INTO `residual_waste` VALUES (318, '塑料糖纸\n', 7);
INSERT INTO `residual_waste` VALUES (319, '塑料吸管\n', 7);
INSERT INTO `residual_waste` VALUES (320, '塑料牙签\n', 7);
INSERT INTO `residual_waste` VALUES (321, '松木猫砂\n', 7);
INSERT INTO `residual_waste` VALUES (322, '酸奶袋\n', 7);
INSERT INTO `residual_waste` VALUES (323, '薯片罐\n', 7);
INSERT INTO `residual_waste` VALUES (324, '速溶咖啡包装\n', 7);
INSERT INTO `residual_waste` VALUES (325, '丝袜\n', 7);
INSERT INTO `residual_waste` VALUES (326, '碎碗\n', 7);
INSERT INTO `residual_waste` VALUES (327, '扫帚\n', 7);
INSERT INTO `residual_waste` VALUES (328, '碎纸屑\n', 7);
INSERT INTO `residual_waste` VALUES (329, '湿纸巾\n', 7);
INSERT INTO `residual_waste` VALUES (330, '拖把\n', 7);
INSERT INTO `residual_waste` VALUES (331, '炭包\n', 7);
INSERT INTO `residual_waste` VALUES (332, '陶瓷杯\n', 7);
INSERT INTO `residual_waste` VALUES (333, '陶瓷花瓶\n', 7);
INSERT INTO `residual_waste` VALUES (334, '陶瓷花盆\n', 7);
INSERT INTO `residual_waste` VALUES (335, '陶瓷碗碟\n', 7);
INSERT INTO `residual_waste` VALUES (336, '陶瓷制品\n', 7);
INSERT INTO `residual_waste` VALUES (337, '头发\n', 7);
INSERT INTO `residual_waste` VALUES (338, '透明打包盒\n', 7);
INSERT INTO `residual_waste` VALUES (339, '透明胶\n', 7);
INSERT INTO `residual_waste` VALUES (340, '头皮屑\n', 7);
INSERT INTO `residual_waste` VALUES (341, '陶器\n', 7);
INSERT INTO `residual_waste` VALUES (342, '退热贴\n', 7);
INSERT INTO `residual_waste` VALUES (343, '头绳\n', 7);
INSERT INTO `residual_waste` VALUES (344, '退烧贴\n', 7);
INSERT INTO `residual_waste` VALUES (345, '碳性电池\n', 7);
INSERT INTO `residual_waste` VALUES (346, '脱氧剂\n', 7);
INSERT INTO `residual_waste` VALUES (347, '糖纸\n', 7);
INSERT INTO `residual_waste` VALUES (348, '贴纸\n', 7);
INSERT INTO `residual_waste` VALUES (349, '乌龟壳\n', 7);
INSERT INTO `residual_waste` VALUES (350, '外卖餐盒\n', 7);
INSERT INTO `residual_waste` VALUES (351, '外卖餐具\n', 7);
INSERT INTO `residual_waste` VALUES (352, '外卖饭盒\n', 7);
INSERT INTO `residual_waste` VALUES (353, '外卖盒子\n', 7);
INSERT INTO `residual_waste` VALUES (354, '外卖塑料袋\n', 7);
INSERT INTO `residual_waste` VALUES (355, '外卖塑料盒\n', 7);
INSERT INTO `residual_waste` VALUES (356, '外卖纸盒\n', 7);
INSERT INTO `residual_waste` VALUES (357, '污染纸张\n', 7);
INSERT INTO `residual_waste` VALUES (358, '卫生巾包装袋\n', 7);
INSERT INTO `residual_waste` VALUES (359, '卫生巾外包装\n', 7);
INSERT INTO `residual_waste` VALUES (360, '卫生间用纸\n', 7);
INSERT INTO `residual_waste` VALUES (361, '卫生巾\n', 7);
INSERT INTO `residual_waste` VALUES (362, '卫生棉条\n', 7);
INSERT INTO `residual_waste` VALUES (363, '卫生巾外层薄塑料纸\n', 7);
INSERT INTO `residual_waste` VALUES (364, '污损塑料袋\n', 7);
INSERT INTO `residual_waste` VALUES (365, '卫生纸\n', 7);
INSERT INTO `residual_waste` VALUES (366, '污损纸张\n', 7);
INSERT INTO `residual_waste` VALUES (367, '蚊香\n', 7);
INSERT INTO `residual_waste` VALUES (368, '文胸\n', 7);
INSERT INTO `residual_waste` VALUES (369, '蚊香灰\n', 7);
INSERT INTO `residual_waste` VALUES (370, '蚊香片\n', 7);
INSERT INTO `residual_waste` VALUES (371, '星巴克咖啡杯\n', 7);
INSERT INTO `residual_waste` VALUES (372, '吸管\n', 7);
INSERT INTO `residual_waste` VALUES (373, '雪糕棒\n', 7);
INSERT INTO `residual_waste` VALUES (374, '雪糕包装袋\n', 7);
INSERT INTO `residual_waste` VALUES (375, '吸管塑料袋\n', 7);
INSERT INTO `residual_waste` VALUES (376, '小核桃壳\n', 7);
INSERT INTO `residual_waste` VALUES (377, '绣花针\n', 7);
INSERT INTO `residual_waste` VALUES (378, '橡胶\n', 7);
INSERT INTO `residual_waste` VALUES (379, '橡胶手套\n', 7);
INSERT INTO `residual_waste` VALUES (380, '橡胶制品\n', 7);
INSERT INTO `residual_waste` VALUES (381, '洗脸巾\n', 7);
INSERT INTO `residual_waste` VALUES (382, '橡皮\n', 7);
INSERT INTO `residual_waste` VALUES (383, '橡皮擦\n', 7);
INSERT INTO `residual_waste` VALUES (384, '橡皮筋\n', 7);
INSERT INTO `residual_waste` VALUES (385, '橡皮泥\n', 7);
INSERT INTO `residual_waste` VALUES (386, '橡皮屑\n', 7);
INSERT INTO `residual_waste` VALUES (387, '象棋\n', 7);
INSERT INTO `residual_waste` VALUES (388, '血糖试纸\n', 7);
INSERT INTO `residual_waste` VALUES (389, '洗碗布\n', 7);
INSERT INTO `residual_waste` VALUES (390, '夏威夷果壳\n', 7);
INSERT INTO `residual_waste` VALUES (391, '香烟\n', 7);
INSERT INTO `residual_waste` VALUES (392, '香烟灰\n', 7);
INSERT INTO `residual_waste` VALUES (393, '吸油面纸\n', 7);
INSERT INTO `residual_waste` VALUES (394, '香烟头\n', 7);
INSERT INTO `residual_waste` VALUES (395, '洗衣液包装袋\n', 7);
INSERT INTO `residual_waste` VALUES (396, '香皂\n', 7);
INSERT INTO `residual_waste` VALUES (397, '席子\n', 7);
INSERT INTO `residual_waste` VALUES (398, '胸罩\n', 7);
INSERT INTO `residual_waste` VALUES (399, '宣纸\n', 7);
INSERT INTO `residual_waste` VALUES (400, '卸妆棉\n', 7);
INSERT INTO `residual_waste` VALUES (401, '牙齿\n', 7);
INSERT INTO `residual_waste` VALUES (402, '一次性便当盒\n', 7);
INSERT INTO `residual_waste` VALUES (403, '一次性保鲜膜\n', 7);
INSERT INTO `residual_waste` VALUES (404, '一次性杯子\n', 7);
INSERT INTO `residual_waste` VALUES (405, '一次性餐盒\n', 7);
INSERT INTO `residual_waste` VALUES (406, '一次性叉子\n', 7);
INSERT INTO `residual_waste` VALUES (407, '一次性餐具\n', 7);
INSERT INTO `residual_waste` VALUES (408, '一次性餐具包装\n', 7);
INSERT INTO `residual_waste` VALUES (409, '一次性打火机\n', 7);
INSERT INTO `residual_waste` VALUES (410, '一次性电子烟\n', 7);
INSERT INTO `residual_waste` VALUES (411, '一次性咖啡纸杯\n', 7);
INSERT INTO `residual_waste` VALUES (412, '一次性口罩\n', 7);
INSERT INTO `residual_waste` VALUES (413, '一次性筷子\n', 7);
INSERT INTO `residual_waste` VALUES (414, '一次性尿布\n', 7);
INSERT INTO `residual_waste` VALUES (415, '一次性内裤\n', 7);
INSERT INTO `residual_waste` VALUES (416, '一次性手套\n', 7);
INSERT INTO `residual_waste` VALUES (417, '一次性塑料杯\n', 7);
INSERT INTO `residual_waste` VALUES (418, '一次性塑料餐盒\n', 7);
INSERT INTO `residual_waste` VALUES (419, '一次性塑料袋\n', 7);
INSERT INTO `residual_waste` VALUES (420, '一次性塑料盘\n', 7);
INSERT INTO `residual_waste` VALUES (421, '一次性塑料手套\n', 7);
INSERT INTO `residual_waste` VALUES (422, '一次性塑料勺子\n', 7);
INSERT INTO `residual_waste` VALUES (423, '一次性塑料调羹\n', 7);
INSERT INTO `residual_waste` VALUES (424, '一次性塑料鞋套\n', 7);
INSERT INTO `residual_waste` VALUES (425, '一次性塑料浴帽\n', 7);
INSERT INTO `residual_waste` VALUES (426, '一次性伞套\n', 7);
INSERT INTO `residual_waste` VALUES (427, '一次性拖鞋\n', 7);
INSERT INTO `residual_waste` VALUES (428, '一次性洗脸巾\n', 7);
INSERT INTO `residual_waste` VALUES (429, '一次性用品\n', 7);
INSERT INTO `residual_waste` VALUES (430, '一次性纸餐盘\n', 7);
INSERT INTO `residual_waste` VALUES (431, '一次性纸杯\n', 7);
INSERT INTO `residual_waste` VALUES (432, '一次性竹筷子\n', 7);
INSERT INTO `residual_waste` VALUES (433, '烟蒂\n', 7);
INSERT INTO `residual_waste` VALUES (434, '婴儿尿布\n', 7);
INSERT INTO `residual_waste` VALUES (435, '牙膏\n', 7);
INSERT INTO `residual_waste` VALUES (436, '羊骨\n', 7);
INSERT INTO `residual_waste` VALUES (437, '荧光笔\n', 7);
INSERT INTO `residual_waste` VALUES (438, '荧光棒\n', 7);
INSERT INTO `residual_waste` VALUES (439, '牙膏壳\n', 7);
INSERT INTO `residual_waste` VALUES (440, '牙膏皮\n', 7);
INSERT INTO `residual_waste` VALUES (441, '烟盒\n', 7);
INSERT INTO `residual_waste` VALUES (442, '烟灰\n', 7);
INSERT INTO `residual_waste` VALUES (443, '浴巾\n', 7);
INSERT INTO `residual_waste` VALUES (444, '眼镜\n', 7);
INSERT INTO `residual_waste` VALUES (445, '眼镜盒\n', 7);
INSERT INTO `residual_waste` VALUES (446, '眼镜架\n', 7);
INSERT INTO `residual_waste` VALUES (447, '颜料\n', 7);
INSERT INTO `residual_waste` VALUES (448, '鸭毛\n', 7);
INSERT INTO `residual_waste` VALUES (449, '姨妈巾\n', 7);
INSERT INTO `residual_waste` VALUES (450, '玉米皮\n', 7);
INSERT INTO `residual_waste` VALUES (451, '羽毛球\n', 7);
INSERT INTO `residual_waste` VALUES (452, '玉米叶\n', 7);
INSERT INTO `residual_waste` VALUES (453, '玉米衣\n', 7);
INSERT INTO `residual_waste` VALUES (454, '印泥\n', 7);
INSERT INTO `residual_waste` VALUES (455, '雨披\n', 7);
INSERT INTO `residual_waste` VALUES (456, '牙签\n', 7);
INSERT INTO `residual_waste` VALUES (457, '牙刷\n', 7);
INSERT INTO `residual_waste` VALUES (458, '油条包装袋\n', 7);
INSERT INTO `residual_waste` VALUES (459, '油污湿巾纸\n', 7);
INSERT INTO `residual_waste` VALUES (460, '牙线\n', 7);
INSERT INTO `residual_waste` VALUES (461, '眼线笔\n', 7);
INSERT INTO `residual_waste` VALUES (462, '隐形眼镜\n', 7);
INSERT INTO `residual_waste` VALUES (463, '隐形眼镜盒\n', 7);
INSERT INTO `residual_waste` VALUES (464, '隐形眼镜护理液\n', 7);
INSERT INTO `residual_waste` VALUES (465, '羊蝎子\n', 7);
INSERT INTO `residual_waste` VALUES (466, '眼影\n', 7);
INSERT INTO `residual_waste` VALUES (467, '雨衣\n', 7);
INSERT INTO `residual_waste` VALUES (468, '验孕棒\n', 7);
INSERT INTO `residual_waste` VALUES (469, '婴幼儿纸尿裤\n', 7);
INSERT INTO `residual_waste` VALUES (470, '圆珠笔\n', 7);
INSERT INTO `residual_waste` VALUES (471, '圆珠笔芯\n', 7);
INSERT INTO `residual_waste` VALUES (472, '椰子壳\n', 7);
INSERT INTO `residual_waste` VALUES (473, '早餐塑料袋\n', 7);
INSERT INTO `residual_waste` VALUES (474, '猪大骨\n', 7);
INSERT INTO `residual_waste` VALUES (475, '自动铅笔笔芯\n', 7);
INSERT INTO `residual_waste` VALUES (476, '装过湿垃圾的塑料袋\n', 7);
INSERT INTO `residual_waste` VALUES (477, '猪骨头\n', 7);
INSERT INTO `residual_waste` VALUES (478, '纸巾袋\n', 7);
INSERT INTO `residual_waste` VALUES (479, '证件外包装\n', 7);
INSERT INTO `residual_waste` VALUES (480, '纸咖啡杯\n', 7);
INSERT INTO `residual_waste` VALUES (481, '蒸汽眼罩\n', 7);
INSERT INTO `residual_waste` VALUES (482, '装塑料的塑料袋\n', 7);
INSERT INTO `residual_waste` VALUES (483, '竹炭包\n', 7);
INSERT INTO `residual_waste` VALUES (484, '猪腿骨\n', 7);
INSERT INTO `residual_waste` VALUES (485, '中性笔\n', 7);
INSERT INTO `residual_waste` VALUES (486, '竹牙签\n', 7);
INSERT INTO `residual_waste` VALUES (487, '沾有油渍的食品包装袋\n', 7);
INSERT INTO `residual_waste` VALUES (488, '珍珠奶茶杯\n', 7);
INSERT INTO `residual_waste` VALUES (489, '竹制品\n', 7);
INSERT INTO `residual_waste` VALUES (490, '榛子壳\n', 7);
INSERT INTO `residual_waste` VALUES (491, '纸巾\n', 7);
INSERT INTO `residual_waste` VALUES (492, '纸巾包装袋\n', 7);
INSERT INTO `residual_waste` VALUES (493, '指甲片\n', 7);
INSERT INTO `residual_waste` VALUES (494, '纸尿裤\n', 7);
INSERT INTO `residual_waste` VALUES (495, '注射器\n', 7);
INSERT INTO `residual_waste` VALUES (496, '脏卫生巾\n', 7);
INSERT INTO `residual_waste` VALUES (497, '脏卸妆棉\n', 7);
INSERT INTO `residual_waste` VALUES (498, '粽叶\n', 7);
INSERT INTO `residual_waste` VALUES (499, '中药袋\n', 7);
INSERT INTO `residual_waste` VALUES (500, '洗衣粉\n', 7);
INSERT INTO `residual_waste` VALUES (501, '脏纸尿裤\n', 7);
INSERT INTO `residual_waste` VALUES (502, '粽子皮\n', 7);
INSERT INTO `residual_waste` VALUES (503, '修正带\n', 7);
INSERT INTO `residual_waste` VALUES (504, '吸油纸\n', 7);
INSERT INTO `residual_waste` VALUES (505, '喝过的奶茶杯子\n', 7);
INSERT INTO `residual_waste` VALUES (506, '保龄球\n', 7);
INSERT INTO `residual_waste` VALUES (507, '保鲜膜带齿盒\n', 7);
INSERT INTO `residual_waste` VALUES (508, '钢化膜\n', 7);
INSERT INTO `residual_waste` VALUES (509, '环保布质垃圾袋\n', 7);
INSERT INTO `residual_waste` VALUES (510, '咖啡杯套\n', 7);
INSERT INTO `residual_waste` VALUES (511, '麦当劳咖啡杯杯盖\n', 7);
INSERT INTO `residual_waste` VALUES (512, '麦当劳纸袋\n', 7);
INSERT INTO `residual_waste` VALUES (513, '蛇皮袋\n', 7);
INSERT INTO `residual_waste` VALUES (514, '绳子\n', 7);
INSERT INTO `residual_waste` VALUES (515, '塑料包装\n', 7);
INSERT INTO `residual_waste` VALUES (516, '塑料壳\n', 7);
INSERT INTO `residual_waste` VALUES (517, '塑料膜\n', 7);
INSERT INTO `residual_waste` VALUES (518, '塑料纸\n', 7);
INSERT INTO `residual_waste` VALUES (519, '剃须刀\n', 7);
INSERT INTO `residual_waste` VALUES (520, '未被污染的输液袋\n', 7);
INSERT INTO `residual_waste` VALUES (521, '未被污染的输液瓶\n', 7);
INSERT INTO `residual_waste` VALUES (522, '无纺布\n', 7);
INSERT INTO `residual_waste` VALUES (523, '无纺布袋\n', 7);
INSERT INTO `residual_waste` VALUES (524, '卫生纸内芯\n', 7);
INSERT INTO `residual_waste` VALUES (525, '星巴克杯托\n', 7);
INSERT INTO `residual_waste` VALUES (526, '星巴克纸袋\n', 7);
INSERT INTO `residual_waste` VALUES (527, '锡纸\n', 7);
INSERT INTO `residual_waste` VALUES (528, '衣服吊牌\n', 7);
INSERT INTO `residual_waste` VALUES (529, '羽毛球拍\n', 7);
INSERT INTO `residual_waste` VALUES (530, '隐形眼镜包装盒\n', 7);
INSERT INTO `residual_waste` VALUES (531, '竹签\n', 7);
INSERT INTO `residual_waste` VALUES (532, '夏威夷果肉\n', 7);
INSERT INTO `residual_waste` VALUES (533, '蜗牛壳\n', 7);
INSERT INTO `residual_waste` VALUES (534, '冰糖葫芦\n', 7);
INSERT INTO `residual_waste` VALUES (535, '可降解猫砂\n', 7);
INSERT INTO `residual_waste` VALUES (536, '大排骨头\n', 7);
INSERT INTO `residual_waste` VALUES (537, '排骨骨头\n', 7);
INSERT INTO `residual_waste` VALUES (538, '速溶咖啡粉末\n', 7);
INSERT INTO `residual_waste` VALUES (539, '钮扣\n', 7);
INSERT INTO `residual_waste` VALUES (540, '卫生巾外层薄塑纸\n', 7);
INSERT INTO `residual_waste` VALUES (541, '脏污衣服\n', 7);
INSERT INTO `residual_waste` VALUES (542, '面膜包装袋\n', 7);
INSERT INTO `residual_waste` VALUES (543, '气泡膜\n', 7);
INSERT INTO `residual_waste` VALUES (544, '线\n', 7);
INSERT INTO `residual_waste` VALUES (545, '冷饮包装\n', 7);
INSERT INTO `residual_waste` VALUES (546, '狗尿垫\n', 7);
INSERT INTO `residual_waste` VALUES (547, '喝过的奶茶杯\n', 7);
INSERT INTO `residual_waste` VALUES (548, '一次性调羹\n', 7);
INSERT INTO `residual_waste` VALUES (549, '茶叶包装袋\n', 7);
INSERT INTO `residual_waste` VALUES (550, '电蚊香液瓶\n', 7);
INSERT INTO `residual_waste` VALUES (551, '手机钢化膜\n', 7);
INSERT INTO `residual_waste` VALUES (552, '外卖盒\n', 7);
INSERT INTO `residual_waste` VALUES (553, '碧然德过滤芯\n', 7);
INSERT INTO `residual_waste` VALUES (554, '装蔬菜的塑料袋\n', 7);
INSERT INTO `residual_waste` VALUES (555, '纸皮核桃壳\n', 7);
INSERT INTO `residual_waste` VALUES (556, '卷筒纸外包装\n', 7);
INSERT INTO `residual_waste` VALUES (557, '湿抹布\n', 7);
INSERT INTO `residual_waste` VALUES (558, '大头钉\n', 7);
INSERT INTO `residual_waste` VALUES (559, '湿报纸\n', 7);
INSERT INTO `residual_waste` VALUES (560, '纸巾外包装\n', 7);
INSERT INTO `residual_waste` VALUES (561, '山核桃壳\n', 7);
INSERT INTO `residual_waste` VALUES (562, '麻将牌\n', 7);
INSERT INTO `residual_waste` VALUES (563, '豆干包装袋\n', 7);
INSERT INTO `residual_waste` VALUES (564, '一次性棉签\n', 7);
INSERT INTO `residual_waste` VALUES (565, '锡箔\n', 7);
INSERT INTO `residual_waste` VALUES (566, '可乐纸杯\n', 7);
INSERT INTO `residual_waste` VALUES (567, '受污染的纸\n', 7);
INSERT INTO `residual_waste` VALUES (568, '破旧陶瓷品\n', 7);
INSERT INTO `residual_waste` VALUES (569, '内衣裤\n', 7);
INSERT INTO `residual_waste` VALUES (570, '咖啡搅拌棒\n', 7);
INSERT INTO `residual_waste` VALUES (571, '竹篮\n', 7);
INSERT INTO `residual_waste` VALUES (572, '一次性小勺\n', 7);
INSERT INTO `residual_waste` VALUES (573, '尘土\n', 7);
INSERT INTO `residual_waste` VALUES (574, '蟑螂板\n', 7);
INSERT INTO `residual_waste` VALUES (575, '硅胶\n', 7);
INSERT INTO `residual_waste` VALUES (576, '泡泡糖包装纸\n', 7);
INSERT INTO `residual_waste` VALUES (577, '笔杆\n', 7);
INSERT INTO `residual_waste` VALUES (578, '衣夹\n', 7);
INSERT INTO `residual_waste` VALUES (579, '一次性雨衣\n', 7);
INSERT INTO `residual_waste` VALUES (580, '雨刮器\n', 7);
INSERT INTO `residual_waste` VALUES (581, '一次性汤勺\n', 7);
INSERT INTO `residual_waste` VALUES (582, '一次性方便筷\n', 7);
INSERT INTO `residual_waste` VALUES (583, '香肠包装袋\n', 7);
INSERT INTO `residual_waste` VALUES (584, '牙刷包装\n', 7);
INSERT INTO `residual_waste` VALUES (585, '羽毛\n', 7);
INSERT INTO `residual_waste` VALUES (586, '毽子\n', 7);
INSERT INTO `residual_waste` VALUES (587, '塑料绳\n', 7);
INSERT INTO `residual_waste` VALUES (588, '中药包装\n', 7);
INSERT INTO `residual_waste` VALUES (589, '一次性塑料滴管\n', 7);
INSERT INTO `residual_waste` VALUES (590, '脏卫生纸\n', 7);
INSERT INTO `residual_waste` VALUES (591, '风筝\n', 7);
INSERT INTO `residual_waste` VALUES (592, '苍蝇拍\n', 7);
INSERT INTO `residual_waste` VALUES (593, '湿餐巾纸\n', 7);
INSERT INTO `residual_waste` VALUES (594, '木糖醇口香糖\n', 7);
INSERT INTO `residual_waste` VALUES (595, '彩色铅笔\n', 7);
INSERT INTO `residual_waste` VALUES (596, '搪瓷杯\n', 7);
INSERT INTO `residual_waste` VALUES (597, '生日蜡烛\n', 7);
INSERT INTO `residual_waste` VALUES (598, '彩票\n', 7);
INSERT INTO `residual_waste` VALUES (599, '丁字裤\n', 7);
INSERT INTO `residual_waste` VALUES (600, '脚指甲盖\n', 7);
INSERT INTO `residual_waste` VALUES (601, '笔套\n', 7);
INSERT INTO `residual_waste` VALUES (602, '中性笔笔芯\n', 7);
INSERT INTO `residual_waste` VALUES (603, '一次性纸内裤\n', 7);
INSERT INTO `residual_waste` VALUES (604, '速冻食品包装\n', 7);
INSERT INTO `residual_waste` VALUES (605, '散粉\n', 7);
INSERT INTO `residual_waste` VALUES (606, '奶粉袋\n', 7);
INSERT INTO `residual_waste` VALUES (607, '一次性指套\n', 7);
INSERT INTO `residual_waste` VALUES (608, '布面鼠标垫\n', 7);
INSERT INTO `residual_waste` VALUES (609, '一次性床单\n', 7);
INSERT INTO `residual_waste` VALUES (610, '薯条包装袋\n', 7);
INSERT INTO `residual_waste` VALUES (611, '隔离霜\n', 7);
INSERT INTO `residual_waste` VALUES (612, '陶瓷刀\n', 7);
INSERT INTO `residual_waste` VALUES (613, '煤渣\n', 7);
INSERT INTO `residual_waste` VALUES (614, '活性炭包\n', 7);
INSERT INTO `residual_waste` VALUES (615, '牛腿骨\n', 7);
INSERT INTO `residual_waste` VALUES (616, '羊腿骨\n', 7);
INSERT INTO `residual_waste` VALUES (617, '湿洗脸巾\n', 7);
INSERT INTO `residual_waste` VALUES (618, '三明治包装纸\n', 7);
INSERT INTO `residual_waste` VALUES (619, '三明治包装盒\n', 7);
INSERT INTO `residual_waste` VALUES (620, '蛋挞锡纸盒\n', 7);
INSERT INTO `residual_waste` VALUES (621, '砂纸\n', 7);
INSERT INTO `residual_waste` VALUES (622, '蛋糕包装袋\n', 7);
INSERT INTO `residual_waste` VALUES (623, '有色垃圾袋\n', 7);
INSERT INTO `residual_waste` VALUES (624, '星巴克纸杯\n', 7);
INSERT INTO `residual_waste` VALUES (625, '竹席\n', 7);
INSERT INTO `residual_waste` VALUES (626, '湿卫生巾\n', 7);
INSERT INTO `residual_waste` VALUES (627, '抽纸\n', 7);
INSERT INTO `residual_waste` VALUES (628, '一次性衣物\n', 7);
INSERT INTO `residual_waste` VALUES (629, '一次性鞋套\n', 7);
INSERT INTO `residual_waste` VALUES (630, '猫砂\n', 7);
INSERT INTO `residual_waste` VALUES (631, '月抛隐形眼镜\n', 7);
INSERT INTO `residual_waste` VALUES (632, '洗发水\n', 7);
INSERT INTO `residual_waste` VALUES (633, '碎瓷片\n', 7);
INSERT INTO `residual_waste` VALUES (634, '蔬菜保鲜膜\n', 7);
INSERT INTO `residual_waste` VALUES (635, '日抛隐形眼镜\n', 7);
INSERT INTO `residual_waste` VALUES (636, '日抛美瞳\n', 7);
INSERT INTO `residual_waste` VALUES (637, '年抛隐形眼镜\n', 7);
INSERT INTO `residual_waste` VALUES (638, '花茶包\n', 7);
INSERT INTO `residual_waste` VALUES (639, '带有粪便的纸尿裤\n', 7);
INSERT INTO `residual_waste` VALUES (640, '带有粪便的尿不湿\n', 7);
INSERT INTO `residual_waste` VALUES (641, '大骨头\n', 7);
INSERT INTO `residual_waste` VALUES (642, 'costa咖啡杯\n', 7);
INSERT INTO `residual_waste` VALUES (643, '便签\n', 7);
INSERT INTO `residual_waste` VALUES (644, '笔\n', 7);
INSERT INTO `residual_waste` VALUES (645, '泡面调料塑料包\n', 7);
INSERT INTO `residual_waste` VALUES (646, '打包锡纸盒\n', 7);
INSERT INTO `residual_waste` VALUES (647, '餐巾纸\n', 7);
INSERT INTO `residual_waste` VALUES (648, '线团\n', 7);
INSERT INTO `residual_waste` VALUES (649, '巧克力盒子\n', 7);
INSERT INTO `residual_waste` VALUES (650, '食品包装纸盒\n', 7);
INSERT INTO `residual_waste` VALUES (651, '豆腐塑料盒\n', 7);
INSERT INTO `residual_waste` VALUES (652, '冷冻食品用的冰袋\n', 7);
INSERT INTO `residual_waste` VALUES (653, '餐巾\n', 7);
INSERT INTO `residual_waste` VALUES (654, '针线\n', 7);
INSERT INTO `residual_waste` VALUES (655, '包书皮\n', 7);
INSERT INTO `residual_waste` VALUES (656, '废花盆\n', 7);
INSERT INTO `residual_waste` VALUES (657, '方便面调料包\n', 7);
INSERT INTO `residual_waste` VALUES (658, '陶瓷\n', 7);
INSERT INTO `residual_waste` VALUES (659, '坏了的碗\n', 7);
INSERT INTO `residual_waste` VALUES (660, '方便面的调料包\n', 7);
INSERT INTO `residual_waste` VALUES (661, '碗\n', 7);
INSERT INTO `residual_waste` VALUES (662, '茶碗\n', 7);
INSERT INTO `residual_waste` VALUES (663, '瓷碗\n', 7);
INSERT INTO `residual_waste` VALUES (664, '餐巾纸盒\n', 7);
INSERT INTO `residual_waste` VALUES (665, '调料包装\n', 7);
INSERT INTO `residual_waste` VALUES (666, '书皮\n', 7);
INSERT INTO `residual_waste` VALUES (667, '破碎的花盆\n', 7);
INSERT INTO `residual_waste` VALUES (668, '面包包装袋\n', 7);
INSERT INTO `residual_waste` VALUES (669, '油污的报纸\n', 7);
INSERT INTO `residual_waste` VALUES (670, '污染的纸\n', 7);
INSERT INTO `residual_waste` VALUES (671, '食品包装塑料盒\n', 7);
INSERT INTO `residual_waste` VALUES (672, '打碎的碗\n', 7);
INSERT INTO `residual_waste` VALUES (673, '饭碗\n', 7);
INSERT INTO `residual_waste` VALUES (674, '吃完的泡面盒\n', 7);
INSERT INTO `residual_waste` VALUES (675, '面霜\n', 7);
INSERT INTO `residual_waste` VALUES (676, '膨化食品包装\n', 7);
INSERT INTO `residual_waste` VALUES (677, '耳线\n', 7);
INSERT INTO `residual_waste` VALUES (678, '医用冰袋\n', 7);
INSERT INTO `residual_waste` VALUES (679, '方便面碗\n', 7);
INSERT INTO `residual_waste` VALUES (680, '塑料包书纸\n', 7);
INSERT INTO `residual_waste` VALUES (681, '被油污污染的纸盒\n', 7);
INSERT INTO `residual_waste` VALUES (682, '锡纸盒\n', 7);
INSERT INTO `residual_waste` VALUES (683, '保鲜用的冰袋\n', 7);
INSERT INTO `residual_waste` VALUES (684, '速冻饺子内塑料盒\n', 7);
INSERT INTO `residual_waste` VALUES (685, '快递冰袋\n', 7);
INSERT INTO `residual_waste` VALUES (686, '冷冻用冰袋\n', 7);
INSERT INTO `residual_waste` VALUES (687, '冰箱冰袋\n', 7);
INSERT INTO `residual_waste` VALUES (688, '牙\n', 7);
INSERT INTO `residual_waste` VALUES (689, '针\n', 7);
INSERT INTO `residual_waste` VALUES (690, '针线包\n', 7);
INSERT INTO `residual_waste` VALUES (691, '方便面纸盒包装\n', 7);
INSERT INTO `residual_waste` VALUES (692, '食品包装纸\n', 7);
INSERT INTO `residual_waste` VALUES (693, '酱油包装纸\n', 7);
INSERT INTO `residual_waste` VALUES (694, '带血塑料袋\n', 7);
INSERT INTO `residual_waste` VALUES (695, '废旧塑料袋\n', 7);
INSERT INTO `residual_waste` VALUES (696, '废塑料袋\n', 7);
INSERT INTO `residual_waste` VALUES (697, '干净的塑料袋\n', 7);
INSERT INTO `residual_waste` VALUES (698, '棉签棒\n', 7);
INSERT INTO `residual_waste` VALUES (699, '脏塑料袋\n', 7);
INSERT INTO `residual_waste` VALUES (700, '酒精棉\n', 7);
INSERT INTO `residual_waste` VALUES (701, '食物包装纸\n', 7);
INSERT INTO `residual_waste` VALUES (702, '废纸屑\n', 7);
INSERT INTO `residual_waste` VALUES (703, '碎的废纸\n', 7);
INSERT INTO `residual_waste` VALUES (704, '卫生间废纸\n', 7);
INSERT INTO `residual_waste` VALUES (705, '冷饮包装袋\n', 7);
INSERT INTO `residual_waste` VALUES (706, '速冻食品包装纸\n', 7);
INSERT INTO `residual_waste` VALUES (707, '棒棒糖杆\n', 7);
INSERT INTO `residual_waste` VALUES (708, '小蛋糕的袋子\n', 7);
INSERT INTO `residual_waste` VALUES (709, '方便面袋\n', 7);
INSERT INTO `residual_waste` VALUES (710, '方便面袋子\n', 7);
INSERT INTO `residual_waste` VALUES (711, '方便面盒子\n', 7);
INSERT INTO `residual_waste` VALUES (712, '被油污的报纸\n', 7);
INSERT INTO `residual_waste` VALUES (713, '肮脏塑料袋\n', 7);
INSERT INTO `residual_waste` VALUES (714, '包蛋糕的塑料袋\n', 7);
INSERT INTO `residual_waste` VALUES (715, '包装塑料袋\n', 7);
INSERT INTO `residual_waste` VALUES (716, '包装塑料纸\n', 7);
INSERT INTO `residual_waste` VALUES (717, '薄型塑料袋\n', 7);
INSERT INTO `residual_waste` VALUES (718, '冷饮袋\n', 7);
INSERT INTO `residual_waste` VALUES (719, '冷饮盒\n', 7);
INSERT INTO `residual_waste` VALUES (720, '书签\n', 7);
INSERT INTO `residual_waste` VALUES (721, '擦过菜汁的抽纸\n', 7);
INSERT INTO `residual_waste` VALUES (722, '菜饭盒\n', 7);
INSERT INTO `residual_waste` VALUES (723, '食物包装\n', 7);
INSERT INTO `residual_waste` VALUES (724, '食品盒\n', 7);
INSERT INTO `residual_waste` VALUES (725, '蛋糕包装\n', 7);
INSERT INTO `residual_waste` VALUES (726, '食品袋\n', 7);
INSERT INTO `residual_waste` VALUES (727, '蛋糕包装盒\n', 7);
INSERT INTO `residual_waste` VALUES (728, '棉花签\n', 7);
INSERT INTO `residual_waste` VALUES (729, '被油污染的旧报纸\n', 7);
INSERT INTO `residual_waste` VALUES (730, '擦桌子的报纸\n', 7);
INSERT INTO `residual_waste` VALUES (731, '糖果纸\n', 7);
INSERT INTO `residual_waste` VALUES (732, '被污染的报纸\n', 7);
INSERT INTO `residual_waste` VALUES (733, '糖果包装\n', 7);
INSERT INTO `residual_waste` VALUES (734, '饭盒\n', 7);
INSERT INTO `residual_waste` VALUES (735, '食物纸袋\n', 7);
INSERT INTO `residual_waste` VALUES (736, '食物包装袋\n', 7);
INSERT INTO `residual_waste` VALUES (737, '彩色塑料纸\n', 7);
INSERT INTO `residual_waste` VALUES (738, '被污染的旧报纸\n', 7);
INSERT INTO `residual_waste` VALUES (739, '面膜包装\n', 7);
INSERT INTO `residual_waste` VALUES (740, '面膜纸\n', 7);
INSERT INTO `residual_waste` VALUES (741, '潮湿塑料袋\n', 7);
INSERT INTO `residual_waste` VALUES (742, '快递纸\n', 7);
INSERT INTO `residual_waste` VALUES (743, '巧克力包装纸\n', 7);
INSERT INTO `residual_waste` VALUES (744, '被油污污染的旧报纸\n', 7);
INSERT INTO `residual_waste` VALUES (745, '绿箭口香糖\n', 7);
INSERT INTO `residual_waste` VALUES (746, '过期的口香糖\n', 7);
INSERT INTO `residual_waste` VALUES (747, '口香糖包装纸\n', 7);
INSERT INTO `residual_waste` VALUES (748, '糖包装\n', 7);
INSERT INTO `residual_waste` VALUES (749, '带酱汁的塑料袋\n', 7);
INSERT INTO `residual_waste` VALUES (750, 'PE塑料袋\n', 7);
INSERT INTO `residual_waste` VALUES (751, '保温棉\n', 7);
INSERT INTO `residual_waste` VALUES (752, '水果盒\n', 7);
INSERT INTO `residual_waste` VALUES (753, '巧克力袋子\n', 7);
INSERT INTO `residual_waste` VALUES (754, '废弃花盆\n', 7);
INSERT INTO `residual_waste` VALUES (755, '食品包装塑料袋\n', 7);
INSERT INTO `residual_waste` VALUES (756, '泡面盒\n', 7);
INSERT INTO `residual_waste` VALUES (757, '泡面盒子\n', 7);
INSERT INTO `residual_waste` VALUES (758, '泡面纸碗\n', 7);
INSERT INTO `residual_waste` VALUES (759, '包装袋\n', 7);
INSERT INTO `residual_waste` VALUES (760, '大米包装袋\n', 7);
INSERT INTO `residual_waste` VALUES (761, '带血包装袋\n', 7);
INSERT INTO `residual_waste` VALUES (762, '蛋白素肉包装袋\n', 7);
INSERT INTO `residual_waste` VALUES (763, '服装包装袋\n', 7);
INSERT INTO `residual_waste` VALUES (764, '化妆品包装袋\n', 7);
INSERT INTO `residual_waste` VALUES (765, '酒精棉片包装袋\n', 7);
INSERT INTO `residual_waste` VALUES (766, '咖啡包装袋\n', 7);
INSERT INTO `residual_waste` VALUES (767, '茶叶袋\n', 7);
INSERT INTO `residual_waste` VALUES (768, '茶包袋\n', 7);
INSERT INTO `residual_waste` VALUES (769, '茶袋\n', 7);
INSERT INTO `residual_waste` VALUES (770, '茶壶碎片\n', 7);
INSERT INTO `residual_waste` VALUES (771, '米袋\n', 7);
INSERT INTO `residual_waste` VALUES (772, '挂耳咖啡包\n', 7);
INSERT INTO `residual_waste` VALUES (773, '喝完的咖啡纸杯\n', 7);
INSERT INTO `residual_waste` VALUES (774, '带肉牛骨头\n', 7);
INSERT INTO `residual_waste` VALUES (775, '咖啡杯盖\n', 7);
INSERT INTO `residual_waste` VALUES (776, '牛大骨\n', 7);
INSERT INTO `residual_waste` VALUES (777, '过期洗发水\n', 7);
INSERT INTO `residual_waste` VALUES (778, '破瓷碗\n', 7);
INSERT INTO `residual_waste` VALUES (779, '陶瓷碗\n', 7);
INSERT INTO `residual_waste` VALUES (780, '破碎瓷碗\n', 7);
INSERT INTO `residual_waste` VALUES (781, '碎陶瓷碗\n', 7);
INSERT INTO `residual_waste` VALUES (782, '废抹布\n', 7);
INSERT INTO `residual_waste` VALUES (783, '旧抹布\n', 7);
INSERT INTO `residual_waste` VALUES (784, '油抹布\n', 7);
INSERT INTO `residual_waste` VALUES (785, '含油抹布\n', 7);
INSERT INTO `residual_waste` VALUES (786, '废旧抹布\n', 7);
INSERT INTO `residual_waste` VALUES (787, '破抹布\n', 7);
INSERT INTO `residual_waste` VALUES (788, '一次性抹布\n', 7);
INSERT INTO `residual_waste` VALUES (789, '擦过鼻涕的餐巾纸\n', 7);
INSERT INTO `residual_waste` VALUES (790, '擦拭过的餐巾纸\n', 7);
INSERT INTO `residual_waste` VALUES (791, '餐巾纸包装\n', 7);
INSERT INTO `residual_waste` VALUES (792, '餐巾纸袋子\n', 7);
INSERT INTO `residual_waste` VALUES (793, '带鼻涕的餐巾纸\n', 7);
INSERT INTO `residual_waste` VALUES (794, '废餐巾纸\n', 7);
INSERT INTO `residual_waste` VALUES (795, '废弃餐巾纸\n', 7);
INSERT INTO `residual_waste` VALUES (796, '脏餐巾纸\n', 7);
INSERT INTO `residual_waste` VALUES (797, '餐巾紙\n', 7);
INSERT INTO `residual_waste` VALUES (798, '湿餐巾\n', 7);
INSERT INTO `residual_waste` VALUES (799, '破旧陶瓷\n', 7);
INSERT INTO `residual_waste` VALUES (800, '破碎陶瓷\n', 7);
INSERT INTO `residual_waste` VALUES (801, '碎陶瓷\n', 7);
INSERT INTO `residual_waste` VALUES (802, '陶瓷茶杯\n', 7);
INSERT INTO `residual_waste` VALUES (803, '陶瓷茶叶罐\n', 7);
INSERT INTO `residual_waste` VALUES (804, '被污染的纸\n', 7);
INSERT INTO `residual_waste` VALUES (805, '被油污染的纸\n', 7);
INSERT INTO `residual_waste` VALUES (806, '受过污染的纸\n', 7);
INSERT INTO `residual_waste` VALUES (807, '严重污染的纸张\n', 7);
INSERT INTO `residual_waste` VALUES (808, '虎牙\n', 7);
INSERT INTO `residual_waste` VALUES (809, '乳牙\n', 7);
INSERT INTO `residual_waste` VALUES (810, '象牙\n', 7);
INSERT INTO `residual_waste` VALUES (811, '钉书针\n', 7);
INSERT INTO `residual_waste` VALUES (812, '缝纫针\n', 7);
INSERT INTO `residual_waste` VALUES (813, '豆腐包袋盒\n', 7);
INSERT INTO `residual_waste` VALUES (814, '可降解塑料袋\n', 7);
INSERT INTO `residual_waste` VALUES (815, '速冻饺子包装\n', 7);
INSERT INTO `residual_waste` VALUES (816, '用过的草纸\n', 7);
INSERT INTO `residual_waste` VALUES (817, '黄草纸烧的灰\n', 7);
INSERT INTO `residual_waste` VALUES (818, '金属钢笔\n', 7);
INSERT INTO `residual_waste` VALUES (819, '湿的纸张\n', 7);
INSERT INTO `residual_waste` VALUES (820, '碎片纸张\n', 7);
INSERT INTO `residual_waste` VALUES (821, '污染较严重的纸张\n', 7);
INSERT INTO `residual_waste` VALUES (822, '污染严重的纸张\n', 7);
INSERT INTO `residual_waste` VALUES (823, '食品包裝\n', 7);
INSERT INTO `residual_waste` VALUES (824, '污染旧报纸\n', 7);
INSERT INTO `residual_waste` VALUES (825, '油旧报纸\n', 7);
INSERT INTO `residual_waste` VALUES (826, '油污旧报纸\n', 7);
INSERT INTO `residual_waste` VALUES (827, '油污染的旧报纸\n', 7);
INSERT INTO `residual_waste` VALUES (828, '尿不湿\n', 7);
INSERT INTO `residual_waste` VALUES (829, '硬贝壳\n', 7);
INSERT INTO `residual_waste` VALUES (830, '硬果壳\n', 7);
INSERT INTO `residual_waste` VALUES (831, '毛巾\n', 7);
INSERT INTO `residual_waste` VALUES (832, '竹筷\n', 7);
INSERT INTO `residual_waste` VALUES (833, '椰子\n', 7);
INSERT INTO `residual_waste` VALUES (834, '创可贴\n', 7);
INSERT INTO `residual_waste` VALUES (835, '餐盒\n', 7);
INSERT INTO `residual_waste` VALUES (836, '油污染旧报纸\n', 7);
INSERT INTO `residual_waste` VALUES (837, '牛奶纸袋\n', 7);
INSERT INTO `residual_waste` VALUES (838, '一次性纸袋\n', 7);
INSERT INTO `residual_waste` VALUES (839, '污染过的纸板箱\n', 7);
INSERT INTO `residual_waste` VALUES (840, '榴莲果皮\n', 7);
INSERT INTO `residual_waste` VALUES (841, '纸制茶叶罐\n', 7);
INSERT INTO `residual_waste` VALUES (842, '一次性茶包\n', 7);
INSERT INTO `residual_waste` VALUES (843, '玉米壳\n', 7);
INSERT INTO `residual_waste` VALUES (844, '咖啡纸杯\n', 7);
INSERT INTO `residual_waste` VALUES (845, '纸杯\n', 7);
INSERT INTO `residual_waste` VALUES (846, '鸡毛掸\n', 7);
INSERT INTO `residual_waste` VALUES (847, '鸡毛掸子\n', 7);
INSERT INTO `residual_waste` VALUES (848, '鸭毛鸡毛\n', 7);
INSERT INTO `residual_waste` VALUES (849, '大骨\n', 7);
INSERT INTO `residual_waste` VALUES (850, '碎瓷\n', 7);
INSERT INTO `residual_waste` VALUES (851, '碎陶\n', 7);
INSERT INTO `residual_waste` VALUES (852, '用过的湿餐巾纸\n', 7);
INSERT INTO `residual_waste` VALUES (853, '陶瓷品\n', 7);
INSERT INTO `residual_waste` VALUES (854, '掉下来的牙齿\n', 7);
INSERT INTO `residual_waste` VALUES (855, '塑料牙膏管\n', 7);
INSERT INTO `residual_waste` VALUES (856, '塑料牙膏皮\n', 7);
INSERT INTO `residual_waste` VALUES (857, '牙膏包装皮\n', 7);
INSERT INTO `residual_waste` VALUES (858, '牙膏管\n', 7);
INSERT INTO `residual_waste` VALUES (859, '牙膏罐\n', 7);
INSERT INTO `residual_waste` VALUES (860, '牙膏软管\n', 7);
INSERT INTO `residual_waste` VALUES (861, '牙签棒\n', 7);
INSERT INTO `residual_waste` VALUES (862, '牙签盒\n', 7);
INSERT INTO `residual_waste` VALUES (863, '废旧牙刷\n', 7);
INSERT INTO `residual_waste` VALUES (864, '塑料牙刷\n', 7);
INSERT INTO `residual_waste` VALUES (865, '牙刷壳\n', 7);
INSERT INTO `residual_waste` VALUES (866, '一次性牙刷\n', 7);
INSERT INTO `residual_waste` VALUES (867, 'U型回形针\n', 7);
INSERT INTO `residual_waste` VALUES (868, '彩色回形针\n', 7);
INSERT INTO `residual_waste` VALUES (869, '灰\n', 7);
INSERT INTO `residual_waste` VALUES (870, '污染严重的纸\n', 7);
INSERT INTO `residual_waste` VALUES (871, '粽子叶子\n', 7);
INSERT INTO `residual_waste` VALUES (872, '益达口香糖\n', 7);
INSERT INTO `residual_waste` VALUES (873, '盒饭盒\n', 7);
INSERT INTO `residual_waste` VALUES (874, '聚乙烯饭盒\n', 7);
INSERT INTO `residual_waste` VALUES (875, '塑料一次性饭盒\n', 7);
INSERT INTO `residual_waste` VALUES (876, '粉碎后的打印纸\n', 7);
INSERT INTO `residual_waste` VALUES (877, '复合包装\n', 7);
INSERT INTO `residual_waste` VALUES (878, '卡\n', 7);
INSERT INTO `residual_waste` VALUES (879, '泡沫餐盒\n', 7);
INSERT INTO `residual_waste` VALUES (880, '泡沫袋\n', 7);
INSERT INTO `residual_waste` VALUES (881, '泡沫垫\n', 7);
INSERT INTO `residual_waste` VALUES (882, '酒瓶塞子\n', 7);
INSERT INTO `residual_waste` VALUES (883, '锅盖\n', 7);
INSERT INTO `residual_waste` VALUES (884, '铝箔包\n', 7);
INSERT INTO `residual_waste` VALUES (885, '指甲\n', 7);
INSERT INTO `residual_waste` VALUES (886, '一次性铝箔餐盒\n', 7);
INSERT INTO `residual_waste` VALUES (887, '铝箔餐盒\n', 7);
INSERT INTO `residual_waste` VALUES (888, '被污染的旧衣服\n', 7);
INSERT INTO `residual_waste` VALUES (889, '被污染的衣服\n', 7);
INSERT INTO `residual_waste` VALUES (890, '被污染衣服\n', 7);
INSERT INTO `residual_waste` VALUES (891, '大骨（如：猪腿骨）\n', 7);
INSERT INTO `residual_waste` VALUES (892, '儿童尿不湿\n', 7);
INSERT INTO `residual_waste` VALUES (893, '没用过的尿不湿\n', 7);
INSERT INTO `residual_waste` VALUES (894, '湿了的尿不湿\n', 7);
INSERT INTO `residual_waste` VALUES (895, '小孩尿不湿\n', 7);
INSERT INTO `residual_waste` VALUES (896, '婴儿尿不湿\n', 7);
INSERT INTO `residual_waste` VALUES (897, '婴儿一次性尿不湿\n', 7);
INSERT INTO `residual_waste` VALUES (898, '用过的尿不湿\n', 7);
INSERT INTO `residual_waste` VALUES (899, '结成团的猫砂\n', 7);
INSERT INTO `residual_waste` VALUES (900, '使用过的猫砂\n', 7);
INSERT INTO `residual_waste` VALUES (901, '用过的猫砂\n', 7);
INSERT INTO `residual_waste` VALUES (902, '抽完的烟蒂\n', 7);
INSERT INTO `residual_waste` VALUES (903, '抽完烟的烟蒂\n', 7);
INSERT INTO `residual_waste` VALUES (904, '香烟蒂\n', 7);
INSERT INTO `residual_waste` VALUES (905, '烟蒂海绵头\n', 7);
INSERT INTO `residual_waste` VALUES (906, '包装干燥剂\n', 7);
INSERT INTO `residual_waste` VALUES (907, '石灰干燥剂\n', 7);
INSERT INTO `residual_waste` VALUES (908, '衣物干燥剂\n', 7);
INSERT INTO `residual_waste` VALUES (909, '大核桃壳\n', 7);
INSERT INTO `residual_waste` VALUES (910, '干燥剂（食品包装内）\n', 7);
INSERT INTO `residual_waste` VALUES (911, '宠物毛发\n', 7);
INSERT INTO `residual_waste` VALUES (912, '动物毛发\n', 7);
INSERT INTO `residual_waste` VALUES (913, '灰尘毛发\n', 7);
INSERT INTO `residual_waste` VALUES (914, '玻璃胶带\n', 7);
INSERT INTO `residual_waste` VALUES (915, '废胶带\n', 7);
INSERT INTO `residual_waste` VALUES (916, '封箱胶带\n', 7);
INSERT INTO `residual_waste` VALUES (917, '双面胶带\n', 7);
INSERT INTO `residual_waste` VALUES (918, '塑料胶带\n', 7);
INSERT INTO `residual_waste` VALUES (919, '透明胶带\n', 7);
INSERT INTO `residual_waste` VALUES (920, '废毛巾\n', 7);
INSERT INTO `residual_waste` VALUES (921, '废弃的毛巾\n', 7);
INSERT INTO `residual_waste` VALUES (922, '废弃毛巾\n', 7);
INSERT INTO `residual_waste` VALUES (923, '干毛巾\n', 7);
INSERT INTO `residual_waste` VALUES (924, '笔盖\n', 7);
INSERT INTO `residual_waste` VALUES (925, '笔囊\n', 7);
INSERT INTO `residual_waste` VALUES (926, '瓷制品\n', 7);
INSERT INTO `residual_waste` VALUES (927, '笔屑\n', 7);
INSERT INTO `residual_waste` VALUES (928, '笔芯\n', 7);
INSERT INTO `residual_waste` VALUES (929, '擦眼镜布\n', 7);
INSERT INTO `residual_waste` VALUES (930, '黑框眼镜\n', 7);
INSERT INTO `residual_waste` VALUES (931, '隐形眼镜片\n', 7);
INSERT INTO `residual_waste` VALUES (932, '过期隐形眼镜\n', 7);
INSERT INTO `residual_waste` VALUES (933, 'zippo打火机\n', 7);
INSERT INTO `residual_waste` VALUES (934, '打火机油\n', 7);
INSERT INTO `residual_waste` VALUES (935, '火机\n', 7);
INSERT INTO `residual_waste` VALUES (936, '金属打火机\n', 7);
INSERT INTO `residual_waste` VALUES (937, '塑料打火机\n', 7);
INSERT INTO `residual_waste` VALUES (938, '废胶水\n', 7);
INSERT INTO `residual_waste` VALUES (939, '万能胶水\n', 7);
INSERT INTO `residual_waste` VALUES (940, '504胶水废包装\n', 7);
INSERT INTO `residual_waste` VALUES (941, '504胶水\n', 7);
INSERT INTO `residual_waste` VALUES (942, '亚克力胶水\n', 7);
INSERT INTO `residual_waste` VALUES (943, '椰子皮\n', 7);
INSERT INTO `residual_waste` VALUES (944, '海苔袋子\n', 7);
INSERT INTO `residual_waste` VALUES (945, '猪肉骨头\n', 7);
INSERT INTO `residual_waste` VALUES (946, '牛肉粒包装袋\n', 7);
INSERT INTO `residual_waste` VALUES (947, '香肠袋\n', 7);
INSERT INTO `residual_waste` VALUES (948, '使用过的创可贴\n', 7);
INSERT INTO `residual_waste` VALUES (949, '用的创可贴\n', 7);
INSERT INTO `residual_waste` VALUES (950, '擦鼻涕纸\n', 7);
INSERT INTO `residual_waste` VALUES (951, '厨房纸\n', 7);
INSERT INTO `residual_waste` VALUES (952, '贝壳类弃物\n', 7);
INSERT INTO `residual_waste` VALUES (953, '贝壳类\n', 7);
INSERT INTO `residual_waste` VALUES (954, '大贝壳\n', 7);
INSERT INTO `residual_waste` VALUES (955, '扇贝贝壳\n', 7);
INSERT INTO `residual_waste` VALUES (956, '搽鼻涕纸\n', 7);
INSERT INTO `residual_waste` VALUES (957, '小贝壳\n', 7);
INSERT INTO `residual_waste` VALUES (958, '有油漆的纸\n', 7);
INSERT INTO `residual_waste` VALUES (959, '水彩\n', 7);
INSERT INTO `residual_waste` VALUES (960, '狗骨头\n', 7);
INSERT INTO `residual_waste` VALUES (961, '骨头棒\n', 7);
INSERT INTO `residual_waste` VALUES (962, '吃剩的快餐盒\n', 7);
INSERT INTO `residual_waste` VALUES (963, '快递餐盒\n', 7);
INSERT INTO `residual_waste` VALUES (964, '使用过的餐盒\n', 7);
INSERT INTO `residual_waste` VALUES (965, '使用过的纸质餐盒\n', 7);
INSERT INTO `residual_waste` VALUES (966, '塑料餐盒\n', 7);
INSERT INTO `residual_waste` VALUES (967, '外发餐盒\n', 7);
INSERT INTO `residual_waste` VALUES (968, '湿纸\n', 7);
INSERT INTO `residual_waste` VALUES (969, '纸质一次性杯子\n', 7);
INSERT INTO `residual_waste` VALUES (970, '病人换下来的纸尿裤\n', 7);
INSERT INTO `residual_waste` VALUES (971, '干的纸尿裤\n', 7);
INSERT INTO `residual_waste` VALUES (972, '尿裤\n', 7);
INSERT INTO `residual_waste` VALUES (973, '湿的纸尿裤\n', 7);
INSERT INTO `residual_waste` VALUES (974, '湿纸尿裤\n', 7);
INSERT INTO `residual_waste` VALUES (975, '一次性纸尿裤\n', 7);
INSERT INTO `residual_waste` VALUES (976, '婴儿纸尿裤\n', 7);
INSERT INTO `residual_waste` VALUES (977, '用过的纸尿裤\n', 7);
INSERT INTO `residual_waste` VALUES (978, '咖啡纸杯盖\n', 7);
INSERT INTO `residual_waste` VALUES (979, '咖啡纸杯(内表面附塑料膜)\n', 7);
INSERT INTO `residual_waste` VALUES (980, '干净的纸杯\n', 7);
INSERT INTO `residual_waste` VALUES (981, '可口可乐纸杯\n', 7);
INSERT INTO `residual_waste` VALUES (982, '湿纸杯\n', 7);
INSERT INTO `residual_waste` VALUES (983, '没用过的纸杯\n', 7);
INSERT INTO `residual_waste` VALUES (984, '一次性牛奶袋\n', 7);
INSERT INTO `residual_waste` VALUES (985, '大骨棒\n', 7);
INSERT INTO `residual_waste` VALUES (986, '碎布头\n', 7);
INSERT INTO `residual_waste` VALUES (987, '湿巾纸包装\n', 7);
INSERT INTO `residual_waste` VALUES (988, '干果壳\n', 7);
INSERT INTO `residual_waste` VALUES (989, '坚果果壳\n', 7);
INSERT INTO `residual_waste` VALUES (990, '打扫灰尘\n', 7);
INSERT INTO `residual_waste` VALUES (991, '扫地灰尘\n', 7);
INSERT INTO `residual_waste` VALUES (992, '煤灰\n', 7);
INSERT INTO `residual_waste` VALUES (993, '生石灰包\n', 7);
INSERT INTO `residual_waste` VALUES (994, '污染严重的纸盒\n', 7);
INSERT INTO `residual_waste` VALUES (995, '粽子叶\n', 7);
INSERT INTO `residual_waste` VALUES (996, '一次性饭盒\n', 7);
INSERT INTO `residual_waste` VALUES (997, '一次性塑料盒饭盒\n', 7);
INSERT INTO `residual_waste` VALUES (998, '一次性塑料饭盒\n', 7);
INSERT INTO `residual_waste` VALUES (999, '磁卡\n', 7);
INSERT INTO `residual_waste` VALUES (1000, '标签卡\n', 7);
INSERT INTO `residual_waste` VALUES (1001, '红酒瓶瓶塞\n', 7);
INSERT INTO `residual_waste` VALUES (1002, '坏发卡\n', 7);
INSERT INTO `residual_waste` VALUES (1003, '火锅包装\n', 7);
INSERT INTO `residual_waste` VALUES (1004, '陶瓷砂锅\n', 7);
INSERT INTO `residual_waste` VALUES (1005, '脚指甲\n', 7);
INSERT INTO `residual_waste` VALUES (1006, '指甲盖\n', 7);
INSERT INTO `residual_waste` VALUES (1007, '胡子\n', 7);
INSERT INTO `residual_waste` VALUES (1008, '污染的衣服\n', 7);
INSERT INTO `residual_waste` VALUES (1009, '中药壶\n', 7);
INSERT INTO `residual_waste` VALUES (1010, '腿骨\n', 7);
INSERT INTO `residual_waste` VALUES (1011, '饲料袋\n', 7);
INSERT INTO `residual_waste` VALUES (1012, '水笔杆\n', 7);
INSERT INTO `residual_waste` VALUES (1013, '水笔笔杆\n', 7);
INSERT INTO `residual_waste` VALUES (1014, '圆珠笔杆\n', 7);
INSERT INTO `residual_waste` VALUES (1015, '塑料笔壳\n', 7);
INSERT INTO `residual_waste` VALUES (1016, '塑料笔套\n', 7);
INSERT INTO `residual_waste` VALUES (1017, '干纸巾\n', 7);
INSERT INTO `residual_waste` VALUES (1018, '湿的纸巾\n', 7);
INSERT INTO `residual_waste` VALUES (1019, '受污纸巾\n', 7);
INSERT INTO `residual_waste` VALUES (1020, '纸巾包装\n', 7);
INSERT INTO `residual_waste` VALUES (1021, '外卖塑料餐盒\n', 7);
INSERT INTO `residual_waste` VALUES (1022, '干尿裤\n', 7);
INSERT INTO `residual_waste` VALUES (1023, '饭菜盒\n', 7);
INSERT INTO `residual_waste` VALUES (1024, '纸杯盖\n', 7);
INSERT INTO `residual_waste` VALUES (1025, '用过的一次性纸杯\n', 7);
INSERT INTO `residual_waste` VALUES (1026, '用过的纸杯\n', 7);
INSERT INTO `residual_waste` VALUES (1027, '瓷片\n', 7);
INSERT INTO `residual_waste` VALUES (1028, '塑胶尺\n', 7);
INSERT INTO `residual_waste` VALUES (1029, '直尺\n', 7);
INSERT INTO `residual_waste` VALUES (1030, '湿巾\n', 7);
INSERT INTO `residual_waste` VALUES (1031, '坚果\n', 7);
INSERT INTO `residual_waste` VALUES (1032, '一次性勺子\n', 7);
INSERT INTO `residual_waste` VALUES (1033, '粽子壳\n', 7);
INSERT INTO `residual_waste` VALUES (1034, '一次性塑料盒饭\n', 7);
INSERT INTO `residual_waste` VALUES (1035, '一次性塑料盒\n', 7);
INSERT INTO `residual_waste` VALUES (1036, '一次性塑料\n', 7);
INSERT INTO `residual_waste` VALUES (1037, '木头铅笔\n', 7);
INSERT INTO `residual_waste` VALUES (1038, '木制铅笔\n', 7);
INSERT INTO `residual_waste` VALUES (1039, '铅笔头\n', 7);
INSERT INTO `residual_waste` VALUES (1040, '铅笔自动铅\n', 7);
INSERT INTO `residual_waste` VALUES (1041, '牛腿骨头\n', 7);
INSERT INTO `residual_waste` VALUES (1042, '香烟过滤嘴\n', 7);
INSERT INTO `residual_waste` VALUES (1043, '香烟灰烬\n', 7);
INSERT INTO `residual_waste` VALUES (1044, '香烟屁股\n', 7);
INSERT INTO `residual_waste` VALUES (1045, '海绵垫\n', 7);
INSERT INTO `residual_waste` VALUES (1046, '海绵纸\n', 7);
INSERT INTO `residual_waste` VALUES (1047, '海绵拖把\n', 7);
INSERT INTO `residual_waste` VALUES (1048, '皮筋\n', 7);
INSERT INTO `residual_waste` VALUES (1049, '皮屑\n', 7);
INSERT INTO `residual_waste` VALUES (1050, '塑料笔\n', 7);
INSERT INTO `residual_waste` VALUES (1051, '榴莲果核\n', 7);
INSERT INTO `residual_waste` VALUES (1052, '薯片包装\n', 7);
INSERT INTO `residual_waste` VALUES (1053, '薯片袋子\n', 7);
INSERT INTO `residual_waste` VALUES (1054, '薯片纸盒\n', 7);
INSERT INTO `residual_waste` VALUES (1055, '蛋黄月饼塑料包装盒\n', 7);
INSERT INTO `residual_waste` VALUES (1056, '用过的湿巾\n', 7);
INSERT INTO `residual_waste` VALUES (1057, '用过的湿巾纸\n', 7);
INSERT INTO `residual_waste` VALUES (1058, '湿巾紙\n', 7);
INSERT INTO `residual_waste` VALUES (1059, '坏钢笔\n', 7);
INSERT INTO `residual_waste` VALUES (1060, '钢笔墨囊\n', 7);
INSERT INTO `residual_waste` VALUES (1061, '钢笔里的墨囊\n', 7);
INSERT INTO `residual_waste` VALUES (1062, '一次性塑料布\n', 7);
INSERT INTO `residual_waste` VALUES (1063, '一次性塑料杯子\n', 7);
INSERT INTO `residual_waste` VALUES (1064, '一次性塑料餐具\n', 7);
INSERT INTO `residual_waste` VALUES (1065, '一次性塑料水杯\n', 7);
INSERT INTO `residual_waste` VALUES (1066, '标签色带\n', 7);
INSERT INTO `residual_waste` VALUES (1067, '自动铅\n', 7);
INSERT INTO `residual_waste` VALUES (1068, '烟屁股\n', 7);
INSERT INTO `residual_waste` VALUES (1069, '烟头\n', 7);
INSERT INTO `residual_waste` VALUES (1070, '塑料水笔\n', 7);
INSERT INTO `residual_waste` VALUES (1071, '塑料圆珠笔\n', 7);
INSERT INTO `residual_waste` VALUES (1072, '废弃的圆珠笔\n', 7);
INSERT INTO `residual_waste` VALUES (1073, '墨水笔\n', 7);
INSERT INTO `residual_waste` VALUES (1074, '水笔外壳\n', 7);
INSERT INTO `residual_waste` VALUES (1075, '中性水笔\n', 7);
INSERT INTO `residual_waste` VALUES (1076, '颜料板\n', 7);
INSERT INTO `residual_waste` VALUES (1077, '颜料笔\n', 7);
INSERT INTO `residual_waste` VALUES (1078, '画画颜料\n', 7);
INSERT INTO `residual_waste` VALUES (1079, '彩色颜料\n', 7);
INSERT INTO `residual_waste` VALUES (1080, '废弃水粉颜料\n', 7);
INSERT INTO `residual_waste` VALUES (1081, '塑料布\n', 7);
INSERT INTO `residual_waste` VALUES (1082, '自动铅笔\n', 7);
INSERT INTO `residual_waste` VALUES (1083, '塑料拖把\n', 7);
INSERT INTO `residual_waste` VALUES (1084, '旧拖把\n', 7);
INSERT INTO `residual_waste` VALUES (1085, '蛋黄饼塑料包装盒\n', 7);
INSERT INTO `residual_waste` VALUES (1086, '调料塑料包装\n', 7);
INSERT INTO `residual_waste` VALUES (1087, '食品塑料包装\n', 7);
INSERT INTO `residual_waste` VALUES (1088, '食品塑料包装袋\n', 7);
INSERT INTO `residual_waste` VALUES (1089, '塑料包装袋\n', 7);
INSERT INTO `residual_waste` VALUES (1090, '塑料包装纸\n', 7);
INSERT INTO `residual_waste` VALUES (1091, '一次塑料杯\n', 7);
INSERT INTO `residual_waste` VALUES (1092, '用过的塑料杯子\n', 7);
INSERT INTO `residual_waste` VALUES (1093, '纸巾塑料包装袋\n', 7);
INSERT INTO `residual_waste` VALUES (1094, '藤席\n', 7);
INSERT INTO `residual_waste` VALUES (1095, '沐浴乳\n', 7);
INSERT INTO `residual_waste` VALUES (1096, '油画\n', 7);
INSERT INTO `residual_waste` VALUES (1097, '眼霜\n', 7);
INSERT INTO `residual_waste` VALUES (1098, '护目镜\n', 7);
INSERT INTO `residual_waste` VALUES (1099, '唇膏\n', 7);
INSERT INTO `residual_waste` VALUES (1100, '过滤器\n', 7);
INSERT INTO `residual_waste` VALUES (1101, '乳胶枕\n', 7);
INSERT INTO `residual_waste` VALUES (1102, '卸妆油\n', 7);
INSERT INTO `residual_waste` VALUES (1103, '搅拌棒\n', 7);
INSERT INTO `residual_waste` VALUES (1104, '梳子\n', 7);
INSERT INTO `residual_waste` VALUES (1105, '窗纱\n', 7);
INSERT INTO `residual_waste` VALUES (1106, '乳胶手套\n', 7);
INSERT INTO `residual_waste` VALUES (1107, '护垫\n', 7);
INSERT INTO `residual_waste` VALUES (1108, '发圈\n', 7);
INSERT INTO `residual_waste` VALUES (1109, '剪纸\n', 7);
INSERT INTO `residual_waste` VALUES (1110, '手环\n', 7);
INSERT INTO `residual_waste` VALUES (1111, '盘子\n', 7);
INSERT INTO `residual_waste` VALUES (1112, '一次性台布\n', 7);
INSERT INTO `residual_waste` VALUES (1113, '浴帽\n', 7);
INSERT INTO `residual_waste` VALUES (1114, '洗面奶\n', 7);
INSERT INTO `residual_waste` VALUES (1115, '图钉\n', 7);
INSERT INTO `residual_waste` VALUES (1116, '带防晒霜的防晒霜罐\n', 7);
INSERT INTO `residual_waste` VALUES (1117, '空气净化器滤网\n', 7);
INSERT INTO `residual_waste` VALUES (1118, '空气净化器滤芯\n', 7);
INSERT INTO `residual_waste` VALUES (1119, '棉质卫生巾\n', 7);
INSERT INTO `residual_waste` VALUES (1120, '使用过的女性卫生巾\n', 7);
INSERT INTO `residual_waste` VALUES (1121, '用过的卫生巾\n', 7);
INSERT INTO `residual_waste` VALUES (1122, '用过的一次性筷子\n', 7);
INSERT INTO `residual_waste` VALUES (1123, '木质搅拌棒\n', 7);
INSERT INTO `residual_waste` VALUES (1124, '钟\n', 7);
INSERT INTO `residual_waste` VALUES (1125, '用过的保鲜袋\n', 7);
INSERT INTO `residual_waste` VALUES (1126, '污染过的保鲜袋\n', 7);
INSERT INTO `residual_waste` VALUES (1127, '食物保鲜袋\n', 7);
INSERT INTO `residual_waste` VALUES (1128, '鞋套\n', 7);
INSERT INTO `residual_waste` VALUES (1129, '塑料小扇子\n', 7);
INSERT INTO `residual_waste` VALUES (1130, '纸张鞭炮\n', 7);
INSERT INTO `residual_waste` VALUES (1131, '写过毛笔字的报纸\n', 7);
INSERT INTO `residual_waste` VALUES (1132, '猪毛\n', 7);
INSERT INTO `residual_waste` VALUES (1133, '珊瑚\n', 7);
INSERT INTO `residual_waste` VALUES (1134, '夏威夷果\n', 7);
INSERT INTO `residual_waste` VALUES (1135, '厨房垃圾袋\n', 7);
INSERT INTO `residual_waste` VALUES (1136, '干净的垃圾袋\n', 7);
INSERT INTO `residual_waste` VALUES (1137, '破损垃圾袋\n', 7);
INSERT INTO `residual_waste` VALUES (1138, '盛装湿垃圾的垃圾袋\n', 7);
INSERT INTO `residual_waste` VALUES (1139, '污损垃圾袋\n', 7);
INSERT INTO `residual_waste` VALUES (1140, '用过的暖宝宝\n', 7);
INSERT INTO `residual_waste` VALUES (1141, '暖宝宝帖\n', 7);
INSERT INTO `residual_waste` VALUES (1142, '旧筷子\n', 7);
INSERT INTO `residual_waste` VALUES (1143, '用过的筷子\n', 7);
INSERT INTO `residual_waste` VALUES (1144, '雾霾口罩\n', 7);
INSERT INTO `residual_waste` VALUES (1145, '一次性口罩包装袋\n', 7);
INSERT INTO `residual_waste` VALUES (1146, '假发套\n', 7);
INSERT INTO `residual_waste` VALUES (1147, '擦手的面巾纸\n', 7);
INSERT INTO `residual_waste` VALUES (1148, '牛奶瓶吸管\n', 7);
INSERT INTO `residual_waste` VALUES (1149, '使用过的吸管\n', 7);
INSERT INTO `residual_waste` VALUES (1150, '吸管包装纸\n', 7);
INSERT INTO `residual_waste` VALUES (1151, '用过的吸管\n', 7);
INSERT INTO `residual_waste` VALUES (1152, '碎小肥皂\n', 7);
INSERT INTO `residual_waste` VALUES (1153, '肥皂外包装\n', 7);
INSERT INTO `residual_waste` VALUES (1154, '用过的保鲜膜\n', 7);
INSERT INTO `residual_waste` VALUES (1155, '纸尿片\n', 7);
INSERT INTO `residual_waste` VALUES (1156, '用过的尿片\n', 7);
INSERT INTO `residual_waste` VALUES (1157, '果冻盒\n', 7);
INSERT INTO `residual_waste` VALUES (1158, '孩子尿片\n', 7);
INSERT INTO `residual_waste` VALUES (1159, '没用过尿片\n', 7);
INSERT INTO `residual_waste` VALUES (1160, '小修正带\n', 7);
INSERT INTO `residual_waste` VALUES (1161, '孩子用过的尿片\n', 7);
INSERT INTO `residual_waste` VALUES (1162, '修正带内芯\n', 7);
INSERT INTO `residual_waste` VALUES (1163, '孩子的尿片\n', 7);
INSERT INTO `residual_waste` VALUES (1164, '羊骨头\n', 7);
INSERT INTO `residual_waste` VALUES (1165, '猪骨\n', 7);
INSERT INTO `residual_waste` VALUES (1166, '肋骨\n', 7);
INSERT INTO `residual_waste` VALUES (1167, '净水器滤芯\n', 7);
INSERT INTO `residual_waste` VALUES (1168, '饰品\n', 7);
INSERT INTO `residual_waste` VALUES (1169, '化妆粉饼\n', 7);
INSERT INTO `residual_waste` VALUES (1170, '活性炭滤芯\n', 7);
INSERT INTO `residual_waste` VALUES (1171, '洗衣粉的包装袋\n', 7);
INSERT INTO `residual_waste` VALUES (1172, '洗碗手套\n', 7);
INSERT INTO `residual_waste` VALUES (1173, '脏的橡胶手套\n', 7);
INSERT INTO `residual_waste` VALUES (1174, '中性笔塑料袋\n', 7);
INSERT INTO `residual_waste` VALUES (1175, '水饺袋\n', 7);
INSERT INTO `residual_waste` VALUES (1176, '水饺盒\n', 7);
INSERT INTO `residual_waste` VALUES (1177, '沙拉酱包装\n', 7);
INSERT INTO `residual_waste` VALUES (1178, '辣条袋子\n', 7);
INSERT INTO `residual_waste` VALUES (1179, '包海鲜的袋子\n', 7);
INSERT INTO `residual_waste` VALUES (1180, '海鲜壳\n', 7);
INSERT INTO `residual_waste` VALUES (1181, '装海鲜的袋子\n', 7);
INSERT INTO `residual_waste` VALUES (1182, '夏威夷果的壳\n', 7);
INSERT INTO `residual_waste` VALUES (1183, '蛋挞壳\n', 7);
INSERT INTO `residual_waste` VALUES (1184, '蛋挞托\n', 7);
INSERT INTO `residual_waste` VALUES (1185, '披萨盒子\n', 7);
INSERT INTO `residual_waste` VALUES (1186, '披萨饼盒\n', 7);
INSERT INTO `residual_waste` VALUES (1187, '吸尘器垃圾\n', 7);
INSERT INTO `residual_waste` VALUES (1188, '汉堡盒\n', 7);
INSERT INTO `residual_waste` VALUES (1189, '光盘片\n', 7);
INSERT INTO `residual_waste` VALUES (1190, '动物羽毛\n', 7);
INSERT INTO `residual_waste` VALUES (1191, '竹签子\n', 7);
INSERT INTO `residual_waste` VALUES (1192, '卫生棉\n', 7);
INSERT INTO `residual_waste` VALUES (1193, '竹筒\n', 7);
INSERT INTO `residual_waste` VALUES (1194, '滤水壶滤芯\n', 7);
INSERT INTO `residual_waste` VALUES (1195, '面包包装纸\n', 7);
INSERT INTO `residual_waste` VALUES (1196, '手纸\n', 7);
INSERT INTO `residual_waste` VALUES (1197, '厕所纸\n', 7);
INSERT INTO `residual_waste` VALUES (1198, '成人尿布\n', 7);
INSERT INTO `residual_waste` VALUES (1199, '零食塑料袋\n', 7);
INSERT INTO `residual_waste` VALUES (1200, '厕纸\n', 7);
INSERT INTO `residual_waste` VALUES (1201, '奶茶杯子\n', 7);
INSERT INTO `residual_waste` VALUES (1202, '瓷器\n', 7);
INSERT INTO `residual_waste` VALUES (1203, '食品包装袋\n', 7);
INSERT INTO `residual_waste` VALUES (1204, '被污染的卫生纸\n', 7);
INSERT INTO `residual_waste` VALUES (1205, '被污染的面巾纸\n', 7);
INSERT INTO `residual_waste` VALUES (1206, '被污染的纸尿裤\n', 7);
INSERT INTO `residual_waste` VALUES (1207, '被污染的饭盒\n', 7);
INSERT INTO `residual_waste` VALUES (1208, '尿布\n', 7);
INSERT INTO `residual_waste` VALUES (1209, '一次性手提袋\n', 7);
INSERT INTO `residual_waste` VALUES (1210, '榴莲皮\n', 7);
INSERT INTO `residual_waste` VALUES (1211, '饮料杯\n', 7);
INSERT INTO `residual_waste` VALUES (1212, '快递包装\n', 7);
INSERT INTO `residual_waste` VALUES (1213, '电蚊香\n', 7);
INSERT INTO `residual_waste` VALUES (1214, '碎头发\n', 7);
INSERT INTO `residual_waste` VALUES (1215, '杜蕾斯\n', 7);
INSERT INTO `residual_waste` VALUES (1216, '食品塑料袋\n', 7);
INSERT INTO `residual_waste` VALUES (1217, '臭袜子\n', 7);
INSERT INTO `residual_waste` VALUES (1218, '雪糕包装\n', 7);
INSERT INTO `residual_waste` VALUES (1219, '牛角\n', 7);
INSERT INTO `residual_waste` VALUES (1220, '零食垃圾袋\n', 7);
INSERT INTO `residual_waste` VALUES (1221, '袋装咖啡外包装\n', 7);
INSERT INTO `residual_waste` VALUES (1222, '草帽\n', 7);
INSERT INTO `residual_waste` VALUES (1223, '狗尿布\n', 7);
INSERT INTO `residual_waste` VALUES (1224, '塑料气泡膜\n', 7);
INSERT INTO `residual_waste` VALUES (1225, '折扇\n', 7);
INSERT INTO `residual_waste` VALUES (1226, '大棒骨\n', 7);
INSERT INTO `residual_waste` VALUES (1227, '雪花膏\n', 7);
INSERT INTO `residual_waste` VALUES (1228, '过期的卫生巾\n', 7);
INSERT INTO `residual_waste` VALUES (1229, '跳蛋\n', 7);
INSERT INTO `residual_waste` VALUES (1230, '麦当劳咖啡杯杯盖（印有可回收标志）\n', 7);
INSERT INTO `residual_waste` VALUES (1231, '未受污染纸制品\n', 7);
INSERT INTO `residual_waste` VALUES (1232, '车钥匙\n', 7);
INSERT INTO `residual_waste` VALUES (1233, '玻璃纸\n', 7);
INSERT INTO `residual_waste` VALUES (1234, '音乐盒\n', 7);
INSERT INTO `residual_waste` VALUES (1235, '保鲜膜内芯\n', 7);
INSERT INTO `residual_waste` VALUES (1236, '有回收标志的咖啡杯\n', 7);
INSERT INTO `residual_waste` VALUES (1237, '有回收标志的咖啡杯盖\n', 7);
INSERT INTO `residual_waste` VALUES (1238, '尼龙绳\n', 7);
INSERT INTO `residual_waste` VALUES (1239, '保鲜膜芯\n', 7);
INSERT INTO `residual_waste` VALUES (1240, '头盔\n', 7);
INSERT INTO `residual_waste` VALUES (1241, '中性笔外壳 \n', 7);
INSERT INTO `residual_waste` VALUES (1242, '干净的纸袋\n', 7);
INSERT INTO `residual_waste` VALUES (1243, '干净的纸盒\n', 7);
INSERT INTO `residual_waste` VALUES (1244, '伞\n', 7);
INSERT INTO `residual_waste` VALUES (1245, '玉\n', 7);
INSERT INTO `residual_waste` VALUES (1246, '雨伞\n', 7);
INSERT INTO `residual_waste` VALUES (1247, '旧雨伞\n', 7);
INSERT INTO `residual_waste` VALUES (1248, '口香糖包装瓶\n', 7);
INSERT INTO `residual_waste` VALUES (1249, '羽毛球筒\n', 7);
INSERT INTO `residual_waste` VALUES (1250, '环保布制垃圾袋\n', 7);
INSERT INTO `residual_waste` VALUES (1251, '可口可乐瓶盖\n', 7);
INSERT INTO `residual_waste` VALUES (1252, '打包袋\n', 7);
INSERT INTO `residual_waste` VALUES (1253, '锡箔纸\n', 7);
INSERT INTO `residual_waste` VALUES (1254, '旧袜子\n', 7);
INSERT INTO `residual_waste` VALUES (1255, '膏药\n', 7);
INSERT INTO `residual_waste` VALUES (1256, '西瓜霜含片塑料铝箔包装\n', 7);
INSERT INTO `residual_waste` VALUES (1257, '打火机燃料罐\n', 7);
INSERT INTO `residual_waste` VALUES (1258, '润滑剂\n', 7);
INSERT INTO `residual_waste` VALUES (1259, '无汞干电池\n', 7);
INSERT INTO `residual_waste` VALUES (1260, '润滑油\n', 7);
INSERT INTO `residual_waste` VALUES (1261, '底片\n', 7);
INSERT INTO `residual_waste` VALUES (1262, '不含汞铅电池\n', 7);
INSERT INTO `residual_waste` VALUES (1263, '无汞电池\n', 7);

-- ----------------------------
-- Table structure for score
-- ----------------------------
DROP TABLE IF EXISTS `score`;
CREATE TABLE `score`  (
  `scoreId` int(9) NOT NULL AUTO_INCREMENT COMMENT '分数编号',
  `examCode` int(9) NULL DEFAULT NULL COMMENT '考试编号',
  `studentId` int(9) NULL DEFAULT NULL COMMENT '学号',
  `subject` varchar(20) CHARACTER SET utf8 COLLATE utf8_bin NOT NULL COMMENT '课程名称',
  `ptScore` int(5) NULL DEFAULT NULL COMMENT '平时成绩',
  `etScore` int(5) NULL DEFAULT NULL COMMENT '期末成绩',
  `score` int(5) NULL DEFAULT NULL COMMENT '总成绩',
  `answerDate` varchar(10) CHARACTER SET utf8 COLLATE utf8_bin NULL DEFAULT NULL COMMENT '答题日期',
  PRIMARY KEY (`scoreId`) USING BTREE
) ENGINE = InnoDB AUTO_INCREMENT = 40 CHARACTER SET = utf8 COLLATE = utf8_bin COMMENT = '成绩管理表' ROW_FORMAT = Dynamic;

-- ----------------------------
-- Records of score
-- ----------------------------
INSERT INTO `score` VALUES (4, 20190001, 20154084, '计算机网络', NULL, 70, NULL, '2019-04-03');
INSERT INTO `score` VALUES (14, 20190002, 20154084, '数据库理论', NULL, 78, NULL, '2019-04-20');
INSERT INTO `score` VALUES (15, 20190002, 20154084, '数据库理论', NULL, 80, NULL, '2019-04-20');
INSERT INTO `score` VALUES (16, 20190002, 20154084, '数据库理论', NULL, 83, NULL, '2019-04-20');
INSERT INTO `score` VALUES (17, 20190001, 20154001, '计算机网络', NULL, 74, NULL, '2019-04-13');
INSERT INTO `score` VALUES (18, 20190001, 20154001, '计算机网络', NULL, 70, NULL, '2019-04-10');
INSERT INTO `score` VALUES (19, 20190001, 20155003, '计算机网络', NULL, 86, NULL, '2019-04-14');
INSERT INTO `score` VALUES (20, 20190001, 20155007, '计算机网络', NULL, 90, NULL, '2019-04-11');
INSERT INTO `score` VALUES (21, 20190001, 20155007, '计算机网络', NULL, 92, NULL, '2019-04-12');
INSERT INTO `score` VALUES (22, 20190001, 20155008, '计算机网络', NULL, 80, NULL, '2019-04-12');
INSERT INTO `score` VALUES (23, 20190001, 20155003, '计算机网络', NULL, 90, NULL, '2019-04-13');
INSERT INTO `score` VALUES (24, 20190001, 20155008, '计算机网络', NULL, 88, NULL, '2019-04-14');
INSERT INTO `score` VALUES (27, 20190001, 20154084, '计算机网络', NULL, 80, NULL, '2019-04-25');
INSERT INTO `score` VALUES (30, 20190001, 20154084, '计算机网络', NULL, 0, NULL, '2019-04-29');
INSERT INTO `score` VALUES (31, 20190001, 20154084, '计算机网络', NULL, 0, NULL, '2019-09-06');
INSERT INTO `score` VALUES (32, 20190001, 20154084, '计算机网络', NULL, 0, NULL, '2020-03-02');
INSERT INTO `score` VALUES (33, 20190001, 20154084, '计算机网络', NULL, 0, NULL, '2020-03-02');
INSERT INTO `score` VALUES (34, 20190001, 20154084, '计算机网络', NULL, 0, NULL, '2020-03-02');
INSERT INTO `score` VALUES (35, 20190001, 20154084, '计算机网络', NULL, 0, NULL, '2020-03-02');
INSERT INTO `score` VALUES (36, 20190001, 20154084, '计算机网络', NULL, 0, NULL, '2020-03-02');
INSERT INTO `score` VALUES (37, 20190001, 20154084, '计算机网络', NULL, 8, NULL, '2020-03-02');
INSERT INTO `score` VALUES (38, 20190013, 20154084, '垃圾分类', NULL, 0, NULL, '2020-03-04');
INSERT INTO `score` VALUES (39, 20190013, 20154084, '垃圾分类', NULL, 0, NULL, '2020-03-04');
INSERT INTO `score` VALUES (40, 20190013, 20154084, '垃圾分类', NULL, 2, NULL, '2020-03-04');

-- ----------------------------
-- Table structure for student
-- ----------------------------
DROP TABLE IF EXISTS `student`;
CREATE TABLE `student`  (
  `studentId` int(9) NOT NULL AUTO_INCREMENT COMMENT 'ID',
  `studentName` varchar(20) CHARACTER SET utf8 COLLATE utf8_bin NULL DEFAULT NULL COMMENT '姓名',
  `grade` varchar(4) CHARACTER SET utf8 COLLATE utf8_bin NULL DEFAULT NULL COMMENT '年级',
  `major` varchar(20) CHARACTER SET utf8 COLLATE utf8_bin NULL DEFAULT NULL COMMENT '专业',
  `clazz` varchar(10) CHARACTER SET utf8 COLLATE utf8_bin NULL DEFAULT NULL COMMENT '班级',
  `institute` varchar(30) CHARACTER SET utf8 COLLATE utf8_bin NULL DEFAULT NULL COMMENT '学院',
  `tel` varchar(11) CHARACTER SET utf8 COLLATE utf8_bin NULL DEFAULT NULL COMMENT '电话号码',
  `email` varchar(30) CHARACTER SET utf8 COLLATE utf8_bin NULL DEFAULT NULL COMMENT '电子邮件',
  `pwd` varchar(16) CHARACTER SET utf8 COLLATE utf8_bin NULL DEFAULT NULL COMMENT '密码',
  `cardId` varchar(18) CHARACTER SET utf8 COLLATE utf8_bin NULL DEFAULT NULL COMMENT '身份证号',
  `sex` varchar(2) CHARACTER SET utf8 COLLATE utf8_bin NULL DEFAULT NULL COMMENT '性别',
  `role` varchar(1) CHARACTER SET utf8 COLLATE utf8_bin NULL DEFAULT NULL COMMENT '角色(0管理员，1教师，2学生)',
  PRIMARY KEY (`studentId`) USING BTREE,
  INDEX `indexsname`(`studentName`) USING BTREE,
  INDEX `indextest`(`major`, `tel`, `cardId`) USING BTREE
) ENGINE = InnoDB AUTO_INCREMENT = 20155011 CHARACTER SET = utf8 COLLATE = utf8_bin COMMENT = '学生信息表' ROW_FORMAT = Dynamic;

-- ----------------------------
-- Records of student
-- ----------------------------
INSERT INTO `student` VALUES (20154001, '隔壁老王', '2015', '计算机科学与技术', '2', '软件工程学院', '13585439532', 'gblw@163.com', '123456', '3412312', '男', '2');
INSERT INTO `student` VALUES (20154084, '余晓江', '2015', '计算机科学与技术', '2', '软件工程学院', '13658377857', 'candy_fish@foxmail.com', '123456', '500234---701x', '男', '2');
INSERT INTO `student` VALUES (20155003, '张宝', '2015', '信息工程', '1', '软件工程学院', '15583829425', '15583829425@163.com', '123456', '3242342', '男', '2');
INSERT INTO `student` VALUES (20155007, '李翠花', '2015', '网络工程', '1', '软件工程学院', '18734538457', '18734538457@163.com', '123456', '2423423', '女', '2');
INSERT INTO `student` VALUES (20155008, '侯荣亮', '16级', '软件工程', '软件161', '计算机学院', '10086', '10086@qq.com', '123456', '11111111', '男', '2');

-- ----------------------------
-- Table structure for subjectinfo
-- ----------------------------
DROP TABLE IF EXISTS `subjectinfo`;
CREATE TABLE `subjectinfo`  (
  `subjectId` int(9) NOT NULL AUTO_INCREMENT COMMENT '课程编号',
  `subjectName` varchar(20) CHARACTER SET utf8 COLLATE utf8_bin NULL DEFAULT NULL COMMENT '课程名称',
  `institute` varchar(20) CHARACTER SET utf8 COLLATE utf8_bin NULL DEFAULT NULL COMMENT '学院',
  `instituteId` int(9) NULL DEFAULT NULL COMMENT '学院编号',
  `teacherId` int(9) NULL DEFAULT NULL COMMENT '教师编号',
  PRIMARY KEY (`subjectId`) USING BTREE
) ENGINE = InnoDB AUTO_INCREMENT = 1 CHARACTER SET = utf8 COLLATE = utf8_bin COMMENT = '课程管理表' ROW_FORMAT = Dynamic;

-- ----------------------------
-- Records of subjectinfo
-- ----------------------------
INSERT INTO `subjectinfo` VALUES (1, '计算机网络', NULL, NULL, 20081001);

-- ----------------------------
-- Table structure for teacher
-- ----------------------------
DROP TABLE IF EXISTS `teacher`;
CREATE TABLE `teacher`  (
  `teacherId` int(9) NOT NULL AUTO_INCREMENT COMMENT 'ID',
  `teacherName` varchar(20) CHARACTER SET utf8 COLLATE utf8_bin NULL DEFAULT NULL COMMENT '姓名',
  `institute` varchar(20) CHARACTER SET utf8 COLLATE utf8_bin NULL DEFAULT NULL COMMENT '学院',
  `sex` varchar(2) CHARACTER SET utf8 COLLATE utf8_bin NULL DEFAULT NULL COMMENT '性别',
  `tel` varchar(11) CHARACTER SET utf8 COLLATE utf8_bin NULL DEFAULT NULL COMMENT '电话号码',
  `email` varchar(20) CHARACTER SET utf8 COLLATE utf8_bin NULL DEFAULT NULL COMMENT '邮箱',
  `pwd` varchar(16) CHARACTER SET utf8 COLLATE utf8_bin NULL DEFAULT NULL COMMENT '密码',
  `cardId` varchar(18) CHARACTER SET utf8 COLLATE utf8_bin NULL DEFAULT NULL COMMENT '身份证号',
  `type` varchar(20) CHARACTER SET utf8 COLLATE utf8_bin NULL DEFAULT NULL COMMENT '职称',
  `role` varchar(1) CHARACTER SET utf8 COLLATE utf8_bin NULL DEFAULT NULL COMMENT '角色（0管理员，1教师，2学生）',
  PRIMARY KEY (`teacherId`) USING BTREE
) ENGINE = InnoDB AUTO_INCREMENT = 20081002 CHARACTER SET = utf8 COLLATE = utf8_bin COMMENT = '教师信息表' ROW_FORMAT = Dynamic;

-- ----------------------------
-- Records of teacher
-- ----------------------------
INSERT INTO `teacher` VALUES (20081001, '张华', '软件工程学院', '男', '13598458442', '13598458442@163.com', '123456', '423423283498', '讲师', '1');
INSERT INTO `teacher` VALUES (20081002, '王大志', '软件工程学院', '男', '1231221312', '1231221312@163.com', '123456', '24241234', '讲师', '1');

SET FOREIGN_KEY_CHECKS = 1;
